"firstName","lastName","linkedinUrl","headline","emails","emails/0/catchAllDomain","emails/0/deliverable","emails/0/email","emails/0/foundInLinkedInProfile","emails/0/free","emails/0/qualityScore","emails/0/status","emails/0/validEmailServer","location/countryCode","location/linkedinText","location/parsed/city","location/parsed/country","location/parsed/countryCode","location/parsed/countryFull","location/parsed/regionCode","location/parsed/state","location/parsed/text","currentPosition/0/company/active","currentPosition/0/company/announcement","currentPosition/0/company/autoGenerated","currentPosition/0/company/backgroundCover","currentPosition/0/company/backgroundCovers/0/height","currentPosition/0/company/backgroundCovers/0/url","currentPosition/0/company/backgroundCovers/0/width","currentPosition/0/company/backgroundCovers/1/height","currentPosition/0/company/backgroundCovers/1/url","currentPosition/0/company/backgroundCovers/1/width","currentPosition/0/company/backgroundCovers/2/height","currentPosition/0/company/backgroundCovers/2/url","currentPosition/0/company/backgroundCovers/2/width","currentPosition/0/company/callToActionUrl","currentPosition/0/company/description","currentPosition/0/company/employeeCount","currentPosition/0/company/employeeCountRange/end","currentPosition/0/company/employeeCountRange/start","currentPosition/0/company/followerCount","currentPosition/0/company/foundedOn","currentPosition/0/company/foundedOn/day","currentPosition/0/company/foundedOn/month","currentPosition/0/company/foundedOn/year","currentPosition/0/company/fundingData","currentPosition/0/company/id","currentPosition/0/company/industries/0/hierarchy","currentPosition/0/company/industries/0/id","currentPosition/0/company/industries/0/name","currentPosition/0/company/industries/0/title","currentPosition/0/company/industries/0/urn","currentPosition/0/company/jobSearchUrl","currentPosition/0/company/linkedinUrl","currentPosition/0/company/location/city","currentPosition/0/company/location/country","currentPosition/0/company/location/description","currentPosition/0/company/location/geographicArea","currentPosition/0/company/location/headquarter","currentPosition/0/company/location/line1","currentPosition/0/company/location/line2","currentPosition/0/company/location/parsed/city","currentPosition/0/company/location/parsed/country","currentPosition/0/company/location/parsed/countryCode","currentPosition/0/company/location/parsed/countryFull","currentPosition/0/company/location/parsed/regionCode","currentPosition/0/company/location/parsed/state","currentPosition/0/company/location/parsed/text","currentPosition/0/company/location/postalCode","currentPosition/0/company/logo","currentPosition/0/company/logos/0/height","currentPosition/0/company/logos/0/url","currentPosition/0/company/logos/0/width","currentPosition/0/company/logos/1/height","currentPosition/0/company/logos/1/url","currentPosition/0/company/logos/1/width","currentPosition/0/company/logos/2/height","currentPosition/0/company/logos/2/url","currentPosition/0/company/logos/2/width","currentPosition/0/company/name","currentPosition/0/company/pageType","currentPosition/0/company/pageVerified","currentPosition/0/company/phone","currentPosition/0/company/phone/extension","currentPosition/0/company/phone/number","currentPosition/0/company/specialities/0","currentPosition/0/company/specialities/1","currentPosition/0/company/specialities/2","currentPosition/0/company/specialities/3","currentPosition/0/company/specialities/4","currentPosition/0/company/specialities/5","currentPosition/0/company/specialities/6","currentPosition/0/company/specialities/7","currentPosition/0/company/specialities/8","currentPosition/0/company/specialities/9","currentPosition/0/company/specialities/10","currentPosition/0/company/specialities/11","currentPosition/0/company/specialities/12","currentPosition/0/company/specialities/13","currentPosition/0/company/specialities/14","currentPosition/0/company/specialities/15","currentPosition/0/company/specialities/16","currentPosition/0/company/specialities/17","currentPosition/0/company/specialities/18","currentPosition/0/company/specialities/19","currentPosition/0/company/specialities/20","currentPosition/0/company/specialities/21","currentPosition/0/company/specialities/22","currentPosition/0/company/specialities/23","currentPosition/0/company/specialities/24","currentPosition/0/company/specialities/25","currentPosition/0/company/specialities/26","currentPosition/0/company/specialities/27","currentPosition/0/company/specialities/28","currentPosition/0/company/specialities/29","currentPosition/0/company/specialities/30","currentPosition/0/company/tagline","currentPosition/0/company/universalName","currentPosition/0/company/website","currentPosition/0/companyId","currentPosition/0/companyLinkedinUrl","currentPosition/0/companyLogo/sizes/0/height","currentPosition/0/companyLogo/sizes/0/url","currentPosition/0/companyLogo/sizes/0/width","currentPosition/0/companyLogo/sizes/1/height","currentPosition/0/companyLogo/sizes/1/url","currentPosition/0/companyLogo/sizes/1/width","currentPosition/0/companyLogo/sizes/2/height","currentPosition/0/companyLogo/sizes/2/url","currentPosition/0/companyLogo/sizes/2/width","currentPosition/0/companyLogo/url","currentPosition/0/companyName","currentPosition/0/companyUniversalName","currentPosition/0/description","currentPosition/0/duration","currentPosition/0/employmentType","currentPosition/0/endDate/text","currentPosition/0/experienceGroupId","currentPosition/0/location","currentPosition/0/position","currentPosition/0/skills","currentPosition/0/skills/0","currentPosition/0/skills/1","currentPosition/0/skills/2","currentPosition/0/skills/3","currentPosition/0/skills/4","currentPosition/0/skills/5","currentPosition/0/skills/6","currentPosition/0/skills/7","currentPosition/0/skills/8","currentPosition/0/skills/9","currentPosition/0/skills/10","currentPosition/0/skills/11","currentPosition/0/startDate/month","currentPosition/0/startDate/text","currentPosition/0/startDate/year","currentPosition/0/workplaceType","connectionsCount","followerCount","topSkills","about"
"Daniel","Jiménez Gamboa","https://www.linkedin.com/in/daniel-jiménez-gamboa-","Docente organizacional | Learning & Development Programs Analyst | Speaker & Consultor de empleabilidad| Banca & Seguros | Talento Humano| Facilitador |Ponente Universitario |",,,,,,,,,,"PE","Peru",,"Peru","PE","Peru",,,"Peru","true",,"false","https://media.licdn.com/dms/image/v2/D4E1BAQFQU6Azm4U_-Q/company-background_10000/B4EZxTYnZMI0AU-/0/1770925492958/universidad_continental_cover?e=1779159600&v=beta&t=q47924vw3dk6EOkElFWAnYhMWm4RproTwK5Kz6jnWvA","796","https://media.licdn.com/dms/image/v2/D4E1BAQFQU6Azm4U_-Q/company-background_10000/B4EZxTYnZMI0AU-/0/1770925492958/universidad_continental_cover?e=1779159600&v=beta&t=q47924vw3dk6EOkElFWAnYhMWm4RproTwK5Kz6jnWvA","4700","67","https://media.licdn.com/dms/image/v2/D4E1BAQFQU6Azm4U_-Q/company-background_400/B4EZxTYnZMI0AY-/0/1770925492959/universidad_continental_cover?e=1779159600&v=beta&t=GDP0VjcHk8ycgSn76q4DL793StDbhLfKOFJPMQwUnEk","400","33","https://media.licdn.com/dms/image/v2/D4E1BAQFQU6Azm4U_-Q/company-background_200/B4EZxTYnZMI0Ac-/0/1770925492958/universidad_continental_cover?e=1779159600&v=beta&t=tnUjsp7itTXBUpwHnQS0CQ_tVI_y9CBs-ALaeb5F6ZE","200","https://www.norenuncio.ucontinental.edu.pe","Somos una Universidad global, moderna, humanística y sistémica, que trabaja con constancia y sinérgicamente para la formación  integral de nuestros futuros profesionales.

Tenemos 5  facultades, las cuales cuentan con 26 carreras universitarias de gran demanda laboral que permitirán a los jóvenes ser parte de una de las mejores universidades del país.","5622","1000","501","121678",,,,"1998",,"714241","Education > Higher Education","68","Higher Education","Higher Education","urn:li:fsd_industry:68","https://www.linkedin.com/jobs/search?geoId=92000000&f_C=714241","https://www.linkedin.com/school/universidad-continental/","Huancayo","PE","Campus Huancayo","Junin","false","Junín: Av. San Carlos 1980 - Huancayo.",,"Huancayo","Peru","PE","Peru",,"Junín","Huancayo, Peru","12000","https://media.licdn.com/dms/image/v2/D560BAQH5a7NstPNFRg/company-logo_400_400/company-logo_400_400/0/1707176695910/universidad_continental_logo?e=1779926400&v=beta&t=Lrpmh1QCwntITBjUubLAQ2fVL8Q4k2To4vhCzedD1CA","400","https://media.licdn.com/dms/image/v2/D560BAQH5a7NstPNFRg/company-logo_400_400/company-logo_400_400/0/1707176695910/universidad_continental_logo?e=1779926400&v=beta&t=Lrpmh1QCwntITBjUubLAQ2fVL8Q4k2To4vhCzedD1CA","400","200","https://media.licdn.com/dms/image/v2/D560BAQH5a7NstPNFRg/company-logo_200_200/company-logo_200_200/0/1707176695910/universidad_continental_logo?e=1779926400&v=beta&t=T7K7lxP0Lp9bSPbVJoMeXuEG4kEj0xrr4AhjlxEOhHM","200","100","https://media.licdn.com/dms/image/v2/D560BAQH5a7NstPNFRg/company-logo_100_100/company-logo_100_100/0/1707176695910/universidad_continental_logo?e=1779926400&v=beta&t=adR_GaABv7taAC7nBOaGE8N2S9dxvZjXzANkxJhkWL0","100","Universidad Continental","SCHOOL","true",,,"(064)481430",,,,,,,,,,,,,,,,,,,,,,,,,,,,,,,,"En la Universidad Continental #TeAcercamosElMundo. Tú eliges tu futuro internacional. 🌍✨","universidad-continental","http://ucontinental.edu.pe","714241","https://www.linkedin.com/company/714241/","400","https://media.licdn.com/dms/image/v2/D560BAQH5a7NstPNFRg/company-logo_400_400/company-logo_400_400/0/1707176695910/universidad_continental_logo?e=1779926400&v=beta&t=Lrpmh1QCwntITBjUubLAQ2fVL8Q4k2To4vhCzedD1CA","400","200","https://media.licdn.com/dms/image/v2/D560BAQH5a7NstPNFRg/company-logo_200_200/company-logo_200_200/0/1707176695910/universidad_continental_logo?e=1779926400&v=beta&t=T7K7lxP0Lp9bSPbVJoMeXuEG4kEj0xrr4AhjlxEOhHM","200","100","https://media.licdn.com/dms/image/v2/D560BAQH5a7NstPNFRg/company-logo_100_100/company-logo_100_100/0/1707176695910/universidad_continental_logo?e=1779926400&v=beta&t=adR_GaABv7taAC7nBOaGE8N2S9dxvZjXzANkxJhkWL0","100","https://media.licdn.com/dms/image/v2/D560BAQH5a7NstPNFRg/company-logo_400_400/company-logo_400_400/0/1707176695910/universidad_continental_logo?e=1779926400&v=beta&t=Lrpmh1QCwntITBjUubLAQ2fVL8Q4k2To4vhCzedD1CA","Universidad Continental",,,"1 mo","Part-time","Present",,,"Mentor de estudiantes",,,,,,,,,,,,,,"May","May 2026","2026",,"1128","1288",,"Soy especialista en Aprendizaje y Desarrollo del Talento, con sólida experiencia en banca, seguros y retail. A lo largo de mi carrera he liderado programas de formación en soft skills, cultura organizacional y procesos de ventas y soft skills para equipos y líderes.

Mi trayectoria en los bancos más importantes del Perú y en empresas del sector retail me ha permitido comprender distintas realidades organizacionales y diseñar soluciones de capacitación adaptadas a cada contexto.

Creo firmemente que formar no es solo enseñar, es despertar lo mejor de las personas, combinando estrategia, empatía y acción para impulsar el talento y transformar equipos."
"Emmanuel","Perez","https://www.linkedin.com/in/emmanuel-perez-b67488174","Coach Senior - Director EPTI Sede Perú ",,,,,,,,,,"PE","Peru",,"Peru","PE","Peru",,,"Peru","true",,"false","https://media.licdn.com/dms/image/v2/C4E1BAQHrlAbnX45ctw/company-background_10000/company-background_10000/0/1645111910858/escuela_de_psicologia_transpersonal_integral_cover?e=1779159600&v=beta&t=6oPtjZzPloahBIXcpSczkmq66Sq6HceMcQLy5Gx2g5o","191","https://media.licdn.com/dms/image/v2/C4E1BAQHrlAbnX45ctw/company-background_10000/company-background_10000/0/1645111910858/escuela_de_psicologia_transpersonal_integral_cover?e=1779159600&v=beta&t=6oPtjZzPloahBIXcpSczkmq66Sq6HceMcQLy5Gx2g5o","1128","67","https://media.licdn.com/dms/image/v2/C4E1BAQHrlAbnX45ctw/company-background_400/company-background_400/0/1645111910858/escuela_de_psicologia_transpersonal_integral_cover?e=1779159600&v=beta&t=_fRUYZbi4qp5g2eTNcFDmqKaa3WHBfReVac9Nxop5iI","400","33","https://media.licdn.com/dms/image/v2/C4E1BAQHrlAbnX45ctw/company-background_200/company-background_200/0/1645111910858/escuela_de_psicologia_transpersonal_integral_cover?e=1779159600&v=beta&t=K0fUzw0uRXiTpLB3PBXhb9NYliLgBcHKdjEgv-EP3B0","200","https://www.transpersonals.com/","EPTI es la Escuela pionera en la enseñanza de la Psicología Transpersonal Integral y Coaching en Iberoamérica, dirigida al desarrollo y transformación personal, organizacional y social.
Nuestra mirada integral propicia el desarrollo de la consciencia corporal y emocional, la vitalidad, el pensamiento creativo, la capacidad de comunicación, la efectividad personal y el despertar de la consciencia de unidad con la totalidad de la vida.
Todas nuestras formaciones se basan en el Modelo Interacciones Primordiales, que constituye un sistema de crecimiento personal e interpersonal teórico, práctico y vivencial, y de gran trayectoria.

Nuestros programas destacados: COACHING PRIMORDIAL, DANZA PRIMAL Y MEDITACIÓN PRIMORDIAL, PSICOLOGÍA TRANSPERSONAL, PSICOTERAPIA TRANSPERSONAL

VIVE LA EXPERIENCIA EPTI

Sedes: Argentina, Chile, Uruguay, Perú, Ecuador, Colombia, México, España.

Somos Miembro de la Association for Transpersonal Psychology U.S.A. y  Miembro Fundador de la Asociación Transpersonal Iberoamericana","15","50","11","786",,,,,,"35658109","Education > Professional Training and Coaching","105","Professional Training & Coaching","Professional Training and Coaching","urn:li:fsd_industry:105","https://www.linkedin.com/jobs/search?geoId=92000000&f_C=35658109","https://www.linkedin.com/school/escuela-de-psicologia-transpersonal-integral/","Mendoza","AR",,"Mendoza","true",,,"Mendoza","Argentina","AR","Argentina",,"Mendoza","Mendoza, Argentina","M5500","https://media.licdn.com/dms/image/v2/C4E0BAQE1pptQ6FBenw/company-logo_400_400/company-logo_400_400/0/1645033210542/escuela_de_psicologia_transpersonal_integral_logo?e=1779926400&v=beta&t=zrUCiuUR8-QKCy3kj4_1CUxd67EITZonoa_zbFp4zjQ","400","https://media.licdn.com/dms/image/v2/C4E0BAQE1pptQ6FBenw/company-logo_400_400/company-logo_400_400/0/1645033210542/escuela_de_psicologia_transpersonal_integral_logo?e=1779926400&v=beta&t=zrUCiuUR8-QKCy3kj4_1CUxd67EITZonoa_zbFp4zjQ","400","200","https://media.licdn.com/dms/image/v2/C4E0BAQE1pptQ6FBenw/company-logo_200_200/company-logo_200_200/0/1645033210542/escuela_de_psicologia_transpersonal_integral_logo?e=1779926400&v=beta&t=z4uR264VHI-RevA-kTwTj1WHJymOlhTzsAF43o_ntvE","200","100","https://media.licdn.com/dms/image/v2/C4E0BAQE1pptQ6FBenw/company-logo_100_100/company-logo_100_100/0/1645033210542/escuela_de_psicologia_transpersonal_integral_logo?e=1779926400&v=beta&t=lnl4c6ilS9CnEctktilxMHmFvVxUX9PRUEKKepZ_TQM","100","Escuela de Psicologia Transpersonal Integral","SCHOOL","false",,,,"coaching","danza primal","psicoterapia primordial","meditación primordial","coaching y corporalidad",,,,,,,,,,,,,,,,,,,,,,,,,,,"Más de 40 años de experiencia académica proporcionando herramientas para el desarrollo y transformación personal.","escuela-de-psicologia-transpersonal-integral","https://www.transpersonals.com","35658109","https://www.linkedin.com/school/escuela-de-psicologia-transpersonal-integral/","400","https://media.licdn.com/dms/image/v2/C4E0BAQE1pptQ6FBenw/company-logo_400_400/company-logo_400_400/0/1645033210542/escuela_de_psicologia_transpersonal_integral_logo?e=1779926400&v=beta&t=zrUCiuUR8-QKCy3kj4_1CUxd67EITZonoa_zbFp4zjQ","400","200","https://media.licdn.com/dms/image/v2/C4E0BAQE1pptQ6FBenw/company-logo_200_200/company-logo_200_200/0/1645033210542/escuela_de_psicologia_transpersonal_integral_logo?e=1779926400&v=beta&t=z4uR264VHI-RevA-kTwTj1WHJymOlhTzsAF43o_ntvE","200","100","https://media.licdn.com/dms/image/v2/C4E0BAQE1pptQ6FBenw/company-logo_100_100/company-logo_100_100/0/1645033210542/escuela_de_psicologia_transpersonal_integral_logo?e=1779926400&v=beta&t=lnl4c6ilS9CnEctktilxMHmFvVxUX9PRUEKKepZ_TQM","100","https://media.licdn.com/dms/image/v2/C4E0BAQE1pptQ6FBenw/company-logo_400_400/company-logo_400_400/0/1645033210542/escuela_de_psicologia_transpersonal_integral_logo?e=1779926400&v=beta&t=zrUCiuUR8-QKCy3kj4_1CUxd67EITZonoa_zbFp4zjQ","Escuela de Psicologia Transpersonal Integral","escuela-de-psicologia-transpersonal-integral",,"12 yrs 5 mos",,"Present",,,"Coach - Director EPTI sede Perú",,,,,,,,,,,,,,"Jan","Jan 2014","2014",,"857","914",,"Apasionado por crear, innovar y generar contextos de aprendizaje y transformación personal y organizacional."
"Rosario","Contreras","https://www.linkedin.com/in/rosariocontrerasb","Líder en Tecnología Financiera | Traduzco tecnología en decisiones de negocio | Mentora y Coach en Liderazgo para equipos de Tecnología 💻 | +20 años formando líderes genuinos",,"true",,"rosario.contreras@liderarconpasion.com",,"false","60","risky","true","PE","Peru",,"Peru","PE","Peru",,,"Peru","true",,"false","https://media.licdn.com/dms/image/v2/D4E1BAQHVXAY1tBr_FA/company-background_10000/B4EZtwaukeKMAU-/0/1767117614171/comit_eia_latam_cover?e=1779159600&v=beta&t=yA9iHlKIpxb-T_ujehrRA7iRhtf0j4HW9ETKLCawKcU","1024","https://media.licdn.com/dms/image/v2/D4E1BAQHVXAY1tBr_FA/company-background_10000/B4EZtwaukeKMAU-/0/1767117614171/comit_eia_latam_cover?e=1779159600&v=beta&t=yA9iHlKIpxb-T_ujehrRA7iRhtf0j4HW9ETKLCawKcU","1536","266","https://media.licdn.com/dms/image/v2/D4E1BAQHVXAY1tBr_FA/company-background_400/B4EZtwaukeKMAY-/0/1767117614171/comit_eia_latam_cover?e=1779159600&v=beta&t=obmXdw5voCdMZq9wIALiGXxXun3o9zF0TDmBwb2Gzkc","400","133","https://media.licdn.com/dms/image/v2/D4E1BAQHVXAY1tBr_FA/company-background_200/B4EZtwaukeKMAc-/0/1767117614171/comit_eia_latam_cover?e=1779159600&v=beta&t=I9SdaANINe_4S09sYvNOjuXawF7b5sKmJM6XGcMcOFA","200",,,"1","10","2","22",,,,,,"110394462","Consumer Services > Non-profit Organizations","100","Non-profit Organization Management","Non-profit Organizations","urn:li:fsd_industry:100","https://www.linkedin.com/jobs/search?geoId=92000000&f_C=110394462","https://www.linkedin.com/company/comit%C3%A9-eia-latam/",,,,,,,,,,,,,,,,"https://media.licdn.com/dms/image/v2/D4E0BAQHDydL6_W6chw/company-logo_400_400/B4EZtwY6xEHEAY-/0/1767117139588/comit_eia_latam_logo?e=1779926400&v=beta&t=DYNCPf3s3nlX1w-i5pdfhgts8XXwLQAkq_yjpDSB_4s","400","https://media.licdn.com/dms/image/v2/D4E0BAQHDydL6_W6chw/company-logo_400_400/B4EZtwY6xEHEAY-/0/1767117139588/comit_eia_latam_logo?e=1779926400&v=beta&t=DYNCPf3s3nlX1w-i5pdfhgts8XXwLQAkq_yjpDSB_4s","400","200","https://media.licdn.com/dms/image/v2/D4E0BAQHDydL6_W6chw/company-logo_200_200/B4EZtwY6xEHEAI-/0/1767117139588/comit_eia_latam_logo?e=1779926400&v=beta&t=7YeHVZKilRdI_WWxc9e5l-1ZbfPV7Cd6wOCywxYOux0","200","100","https://media.licdn.com/dms/image/v2/D4E0BAQHDydL6_W6chw/company-logo_100_100/B4EZtwY6xEHEAQ-/0/1767117139588/comit_eia_latam_logo?e=1779926400&v=beta&t=xvpXp70yTDmKudNFKDLJDfBUG4cPNLX94380XK9nxjk","100","Comité EIA Latam","COMPANY","false",,,,,,,,,,,,,,,,,,,,,,,,,,,,,,,,,,,,"comité-eia-latam",,"110394462","https://www.linkedin.com/company/110394462/","400","https://media.licdn.com/dms/image/v2/D4E0BAQHDydL6_W6chw/company-logo_400_400/B4EZtwY6xEHEAY-/0/1767117139588/comit_eia_latam_logo?e=1779926400&v=beta&t=DYNCPf3s3nlX1w-i5pdfhgts8XXwLQAkq_yjpDSB_4s","400","200","https://media.licdn.com/dms/image/v2/D4E0BAQHDydL6_W6chw/company-logo_200_200/B4EZtwY6xEHEAI-/0/1767117139588/comit_eia_latam_logo?e=1779926400&v=beta&t=7YeHVZKilRdI_WWxc9e5l-1ZbfPV7Cd6wOCywxYOux0","200","100","https://media.licdn.com/dms/image/v2/D4E0BAQHDydL6_W6chw/company-logo_100_100/B4EZtwY6xEHEAQ-/0/1767117139588/comit_eia_latam_logo?e=1779926400&v=beta&t=xvpXp70yTDmKudNFKDLJDfBUG4cPNLX94380XK9nxjk","100","https://media.licdn.com/dms/image/v2/D4E0BAQHDydL6_W6chw/company-logo_400_400/B4EZtwY6xEHEAY-/0/1767117139588/comit_eia_latam_logo?e=1779926400&v=beta&t=DYNCPf3s3nlX1w-i5pdfhgts8XXwLQAkq_yjpDSB_4s","Comité EIA Latam",,,"5 mos","Part-time","Present",,,"Cofundador",,,,,,,,,,,,,,"Jan","Jan 2026","2026",,"3439","4017","Liderazgo de equipos multidisciplinarios • SCRUM • tecnologia • Liderazgo • Desarrollo de liderazgo","Crecí en el mundo corporativo creyendo que el objetivo de todos era solo escalar y escalar 🧗 
Hoy enseño a líderes a conectar con su propósito, inspirar y transformar a sus equipos. ❤️‍🔥🎯
Durante muchos años pensé que, por ser una profesional de tecnología 👩🏽‍💻, debía enfocarme únicamente en los resultados y procesos técnicos 🦾. Hasta que comprendí que ser jefa no era lo mismo que ser una líder que inspira con propósito.
Después de vivir experiencias con jefes que no impulsaban mi potencial y me hacían sentir que mi trabajo no tenía valor, entendí como no quería ser liderando a otros.
 Inicié un camino de autoconocimiento 🚶🏽‍♀️, autoliderazgo y formación en coaching, integrando mis habilidades blandas y tecnológicas para construir un liderazgo genuino, humano y con propósito, que mejorara mi vida y la de mis equipos 🫂.
Con el tiempo descubrí que me apasiona hablar 🗣️ , enseñar 👩🏽‍🏫 y compartir sobre liderazgo, porque lo practico en mi vida y estoy convencida de que liderar es un acto de libertad: dirigir nuestras vidas para luego acompañar a otros en sus propios caminos.
He mentoreado a más de 200 profesionales 👨🏽‍💻👩🏽‍💻 en mis más de 20 años de experiencia en el sector tecnológico 💻, ayudándolos a desarrollar liderazgo genuino ❤️‍🔥, habilidades blandas e influencia estratégica. Muchos de ellos hoy lideran equipos de alto rendimiento 💪🏽 en procesos de transformación digital dentro de organizaciones de Latinoamérica.
Mi propósito es claro:
Contribuir en la transformación de  profesionales del sector tecnológico,  en líderes genuinos que inspiran, conectan y lideran con propósito, impulsando organizaciones más humanas, innovadoras y sostenibles.
🚀 ¿Cómo lo hago?
🌐 Acompaño a organizaciones que fortalecen su cultura de liderazgo y hacen sostenibles sus áreas tecnológicas con líderes humanos, conscientes y ágiles.
👩‍💻 A profesionales corporativos que buscan convertirse en líderes con propósito, creciendo sin perder su bienestar ni autenticidad.
🏫 A universidades que forman profesionales tech con liderazgo y propósito.
A través de talleres, charlas, mentorías y programas de coaching, combino estrategia, tecnología, innovación y consciencia para construir culturas más humanas, rentables y felices.
❤️‍🔥Liderar con pasión es mi legado, y mi compromiso es que más líderes vivan y trabajen desde ese lugar.
💬 Si eres un profesional del sector tecnológico o lideras un equipo y deseas transformar tu manera de liderar, hablemos. 😊
."
"Katherine","Carranza C.","https://www.linkedin.com/in/katherine-carranza-c-2427ba9b","Founder de Kyaliderando I Coach Comercial I Marketing y VentasI Ecommerce I Gestión Comercial I Gestión B2C y B2B I Estrategias de Fidelización.",,,,,,,,,,"PE","Peru",,"Peru","PE","Peru",,,"Peru","true",,"false","https://media.licdn.com/dms/image/v2/D4E1BAQHw_kcvRePw6A/company-background_10000/company-background_10000/0/1708355002257/grupo_vega_holding_cover?e=1779159600&v=beta&t=4dbcSE5Z3JLN9cpFqHS258vSXThDgemG4sf81ssWFRw","792","https://media.licdn.com/dms/image/v2/D4E1BAQHw_kcvRePw6A/company-background_10000/company-background_10000/0/1708355002257/grupo_vega_holding_cover?e=1779159600&v=beta&t=4dbcSE5Z3JLN9cpFqHS258vSXThDgemG4sf81ssWFRw","4701","67","https://media.licdn.com/dms/image/v2/D4E1BAQHw_kcvRePw6A/company-background_400/company-background_400/0/1708355002257/grupo_vega_holding_cover?e=1779159600&v=beta&t=VOhKIRX_eZ0sI8I6zQW3IYLrjH9rTgFxlIzxRU-1Tlg","400","33","https://media.licdn.com/dms/image/v2/D4E1BAQHw_kcvRePw6A/company-background_200/company-background_200/0/1708355002257/grupo_vega_holding_cover?e=1779159600&v=beta&t=hQDQHI5WtyD-ssCO524glwDuB66hGJhYLeF_1gQtY5A","200","https://www.linkedin.com/company/79693065/admin/feed/posts/","Grupo Vega is the peruvian holding company with more than 25 years in the peruvian market, it has leadership positions with strong competitive advantages in the sectors of mass consumption, retail, distribution, goods transport, sale of hydrocarbons, construction, production and administrative backoffice thtat offers long-term growth potential.","284","5000","1001","20897",,,,,,"79693065","Government Administration > Public Policy Offices > Executive Offices","76","Executive Office","Executive Offices","urn:li:fsd_industry:76","https://www.linkedin.com/jobs/search?geoId=92000000&f_C=79693065","https://www.linkedin.com/company/grupo-vega-holding/","Lima","PE","Sede Norte - Jr. Júpiter Nº 173, Comas - Lima, Peru","Lima","true",,,"Lima","Peru","PE","Peru",,"Lima","Lima, Peru",,"https://media.licdn.com/dms/image/v2/D4D0BAQGrS-FJ1hZGAA/company-logo_400_400/B4DZuVnD8bKAAY-/0/1767741604053/grupo_vega_holding_logo?e=1779926400&v=beta&t=abOJM_2v1c6UAEnxzQ1_vvIPQ3fdV-5k6zGEZfr7dnw","400","https://media.licdn.com/dms/image/v2/D4D0BAQGrS-FJ1hZGAA/company-logo_400_400/B4DZuVnD8bKAAY-/0/1767741604053/grupo_vega_holding_logo?e=1779926400&v=beta&t=abOJM_2v1c6UAEnxzQ1_vvIPQ3fdV-5k6zGEZfr7dnw","400","200","https://media.licdn.com/dms/image/v2/D4D0BAQGrS-FJ1hZGAA/company-logo_200_200/B4DZuVnD8bKAAI-/0/1767741604053/grupo_vega_holding_logo?e=1779926400&v=beta&t=NqPofX1pRNBpLxfFjUzNxUsj151F8o7e7l3ylmFJ63U","200","100","https://media.licdn.com/dms/image/v2/D4D0BAQGrS-FJ1hZGAA/company-logo_100_100/B4DZuVnD8bKAAQ-/0/1767741604053/grupo_vega_holding_logo?e=1779926400&v=beta&t=wjoBuAilyQEiJCRYz5aMQhh77zAC_TwacHNiukrJtqc","100","Grupo Vega Holding","COMPANY","false",,,,"retail","distribucion","hidrocarburos","industria","produccion","transporte","maquila","consumo masivo","backoffice","gestion administrativa",,,,,,,,,,,,,,,,,,,,,,"","grupo-vega-holding",,"79693065","https://www.linkedin.com/company/grupo-vega-holding/","400","https://media.licdn.com/dms/image/v2/D4D0BAQGrS-FJ1hZGAA/company-logo_400_400/B4DZuVnD8bKAAY-/0/1767741604053/grupo_vega_holding_logo?e=1779926400&v=beta&t=abOJM_2v1c6UAEnxzQ1_vvIPQ3fdV-5k6zGEZfr7dnw","400","200","https://media.licdn.com/dms/image/v2/D4D0BAQGrS-FJ1hZGAA/company-logo_200_200/B4DZuVnD8bKAAI-/0/1767741604053/grupo_vega_holding_logo?e=1779926400&v=beta&t=NqPofX1pRNBpLxfFjUzNxUsj151F8o7e7l3ylmFJ63U","200","100","https://media.licdn.com/dms/image/v2/D4D0BAQGrS-FJ1hZGAA/company-logo_100_100/B4DZuVnD8bKAAQ-/0/1767741604053/grupo_vega_holding_logo?e=1779926400&v=beta&t=wjoBuAilyQEiJCRYz5aMQhh77zAC_TwacHNiukrJtqc","100","https://media.licdn.com/dms/image/v2/D4D0BAQGrS-FJ1hZGAA/company-logo_400_400/B4DZuVnD8bKAAY-/0/1767741604053/grupo_vega_holding_logo?e=1779926400&v=beta&t=abOJM_2v1c6UAEnxzQ1_vvIPQ3fdV-5k6zGEZfr7dnw","Grupo Vega","grupo-vega-holding",,"1 yr 5 mos","Full-time","Present",,,"Coach Comercial",,"Desarrollo de habilidades de gestión","Comunicación","Capacitación de ventas","Gestión de ventas","Negociación","Habilidades sociales","Capacidad de análisis","Proyectos de mejora de procesos",,,,,"Jan","Jan 2025","2025",,"733","756",,"Profesional con experiencia en Marketing, Gestión Comercial, Servicio al Cliente y Capacitación de equipos de ventas. Especializada en la planificación y ejecución de estrategias comerciales orientadas a resultados, contribuyendo al crecimiento y posicionamiento de las marcas.

A lo largo de mi trayectoria he acompañado a empresas en el desarrollo y fortalecimiento de equipos comerciales de alto rendimiento, potenciando habilidades clave en ventas, comunicación y servicio al cliente.

Actualmente me desempeño como Coach Comercial, enfocada en capacitar a lideres y fuerzas de ventas para mejorar su desempeño, fortalecer su mentalidad comercial y generar resultados sostenibles en el negocio.

Mi enfoque se basa en formación práctica, desarrollo de habilidades comerciales y liderazgo que impulsa resultados, impactando de manera positiva en la productividad del equipo y en los indicadores de ventas."
"Lourdes","Caña","https://www.linkedin.com/in/lourdes-caña","Wellbeing Corporativo | Coach Organizacional | MBA | Mentor Coach | Docente Universitario",,"true",,"lourdes.cana@yanbal.com",,"false","60","risky","true","PE","Peru",,"Peru","PE","Peru",,,"Peru","true",,"false","https://media.licdn.com/dms/image/v2/D4E1BAQEFFMNmqO_wEw/company-background_10000/B4EZor2SE5KkAU-/0/1761672242437/yanbal_cover?e=1779159600&v=beta&t=jP7KpjECzVsR03p1MA7Qc6o-gA_MG6LTbKR7cCPtXV0","560","https://media.licdn.com/dms/image/v2/D4E1BAQEFFMNmqO_wEw/company-background_10000/B4EZor2SE5KkAU-/0/1761672242437/yanbal_cover?e=1779159600&v=beta&t=jP7KpjECzVsR03p1MA7Qc6o-gA_MG6LTbKR7cCPtXV0","1600","140","https://media.licdn.com/dms/image/v2/D4E1BAQEFFMNmqO_wEw/company-background_400/B4EZor2SE5KkAY-/0/1761672242437/yanbal_cover?e=1779159600&v=beta&t=DF2b-YYI-sKZOj4My2mK2X-S3IuA3CtLybHaPp8rmsY","400","70","https://media.licdn.com/dms/image/v2/D4E1BAQEFFMNmqO_wEw/company-background_200/B4EZor2SE5KkAc-/0/1761672242437/yanbal_cover?e=1779159600&v=beta&t=-DuuXCn_u5ROGOfC4Y_d52LoD7QC6SBKvcdL2An4KMo","200","https://www.yanbal.com/","Somos mucho más que una compañía de cosméticos. Somos una transnacional con presencia en 11 países: Estados Unidos, Perú, Colombia, Ecuador, México, Bolivia, Guatemala, Paraguay, Venezuela, España e Italia llevando belleza, moda y bienestar.

Somos dueños de todo el proceso de conceptualización, diseño, fabricación y distribución de nuestros productos, lo que asegura su altísima calidad. Somos vanguardia e investigación. Ofrecemos lo último de las tendencias mundiales, con fragancias memorables, maquillaje y bijouterie de impacto y lo más avanzado del tratamiento facial y corporal. 

Tenemos más de 45 años cambiando la vida de miles de personas y sus familias. Lo nuestro es la venta directa multinivel de productos de belleza: más de medio millón de Consultoras y Directoras Independientes ganan dinero, respeto y realización con nosotros. Hoy contamos con más de 5 mil colaboradores a nivel corporativo. Para nosotros, llevar belleza es mucho más que hacer que la gente se vea bien, creemos que transforma a las personas. Para nosotros, eso es Yanbal.","7318","5000","1001","419629",,,,"1967",,"48071","Manufacturing > Chemical Manufacturing > Personal Care Product Manufacturing","18","Cosmetics","Personal Care Product Manufacturing","urn:li:fsd_industry:18","https://www.linkedin.com/jobs/search?geoId=92000000&f_C=48071","https://www.linkedin.com/company/yanbal/","Bolivia, Colombia, Ecuador, España, Guatemala, Italia, México y Perú","OO","Bolivia, Colombia, Ecuador, España, Guatemala, Italia, México y Perú.",,"true",,,"Guatemala City","Guatemala","GT","Guatemala",,"Guatemala Department","Guatemala City, Guatemala",,"https://media.licdn.com/dms/image/v2/D4E0BAQFmiCVT7F-duw/company-logo_400_400/company-logo_400_400/0/1688574925531/yanbal_logo?e=1779926400&v=beta&t=D9hKbTjMV8Oc9aeJSsCOW1Ln78KsH_YTOXu1vZ2Q7Jc","400","https://media.licdn.com/dms/image/v2/D4E0BAQFmiCVT7F-duw/company-logo_400_400/company-logo_400_400/0/1688574925531/yanbal_logo?e=1779926400&v=beta&t=D9hKbTjMV8Oc9aeJSsCOW1Ln78KsH_YTOXu1vZ2Q7Jc","400","200","https://media.licdn.com/dms/image/v2/D4E0BAQFmiCVT7F-duw/company-logo_200_200/company-logo_200_200/0/1688574925531/yanbal_logo?e=1779926400&v=beta&t=2D8rfKAJNzKW9eTFtq3Vyoyl1jW_tmTnbws_cjZM45s","200","100","https://media.licdn.com/dms/image/v2/D4E0BAQFmiCVT7F-duw/company-logo_100_100/company-logo_100_100/0/1688574925531/yanbal_logo?e=1779926400&v=beta&t=jPOD_sbhUKr6OMpCoW59yLTTGp1Delt5KTqxehbiJck","100","Yanbal","COMPANY","true",,,,"Perfumería","Joyería","Maquillaje","Cuidado Personal","Protección solar","Tratamiento Facial",,,,,,,,,,,,,,,,,,,,,,,,,,"Belleza que inspira, poder que transforma","yanbal","http://www.yanbal.com","48071","https://www.linkedin.com/company/yanbal/","400","https://media.licdn.com/dms/image/v2/D4E0BAQFmiCVT7F-duw/company-logo_400_400/company-logo_400_400/0/1688574925531/yanbal_logo?e=1779926400&v=beta&t=D9hKbTjMV8Oc9aeJSsCOW1Ln78KsH_YTOXu1vZ2Q7Jc","400","200","https://media.licdn.com/dms/image/v2/D4E0BAQFmiCVT7F-duw/company-logo_200_200/company-logo_200_200/0/1688574925531/yanbal_logo?e=1779926400&v=beta&t=2D8rfKAJNzKW9eTFtq3Vyoyl1jW_tmTnbws_cjZM45s","200","100","https://media.licdn.com/dms/image/v2/D4E0BAQFmiCVT7F-duw/company-logo_100_100/company-logo_100_100/0/1688574925531/yanbal_logo?e=1779926400&v=beta&t=jPOD_sbhUKr6OMpCoW59yLTTGp1Delt5KTqxehbiJck","100","https://media.licdn.com/dms/image/v2/D4E0BAQFmiCVT7F-duw/company-logo_400_400/company-logo_400_400/0/1688574925531/yanbal_logo?e=1779926400&v=beta&t=D9hKbTjMV8Oc9aeJSsCOW1Ln78KsH_YTOXu1vZ2Q7Jc","Yanbal","yanbal","Definir la estrategia de Wellbeing Corporativo con el objetivo de contribuir el Bienestar Integral de los colaboradores en los ejes físico, mental, social y financiero aplicado a todos los países de la corporación","4 yrs","Full-time","Present","d35e8a02629872cf90dd23c24f32a92cb0da2dac","Lima, Peru","Coordinadora Corporativa de Experiencia del Colaborador - Wellbeing Corporativo RRHH",,,,,,,,,,,,,,"Jun","Jun 2022","2022","On-site","1678","2034",,
"Carla","Bocanegra","https://www.linkedin.com/in/carlabocanegra","Bióloga | Neuroeducadora | Master Coach ICF Académica | Especialista TDAH & Funciones Ejecutivas | Fundadora de Time4Learning CB | Podcaster en #YoTeEscucho | Capacitadora",,,,,,,,,,"PE","Peru",,"Peru","PE","Peru",,,"Peru",,,,,,,,,,,,,,,,,,,,,,,,,,,,,,,,,,,,,,,,,,,,,,,,,,,,,,,,,,,,,,,,,,,,,,,,,,,,,,,,,,,,,,,,,,,,,,,,,,,"https://www.linkedin.com/search/results/all/?keywords=TIME+4+LEARNING+BY+CB",,,,,,,,,,,"TIME 4 LEARNING BY CB",,"Asesoría educativa privada para pre-adolescentes y adolescentes regulares, DEA y alto rendimiento en inglés y español en el área de las Ciencias.
Coaching Educativo para adolescentes y pre-adolescentes con DEA
Asesoría educativa privada para universitarios en el área de las Ciencias.
Capacitación docente.","8 yrs 5 mos",,"Present",,"Province of Lima, Peru","NEUROEDUCADORA, COACH EDUCATIVA, CAPACITADORA Y ASESORA EDUCATIVA ",,"Enseñanza del inglés como lengua extranjera","Aptitudes para la supervisión","Psicología","Coaching","Psicopedagogía","Compromiso","Pedagogía",,,,,,"Jan","Jan 2018","2018",,"610","835",,"🔹 Hago visible lo invisible en PRO de la educación.
Soy Neuroeducadora y Coach en Funciones Ejecutivas especializada en ayudar a adolescentes, adultos y familias con TDAH y DEA a desarrollar estrategias para mejorar su aprendizaje, organización y bienestar. Mi propósito es fortalecer el autoconcepto e incrementar la fuerza de voluntad para que sean exitosos en sus diversas áreas de vida.

🎯 Como fundadora de Time4Learning CB y adulto TDAH me comprometo en brindar servicios neuroeducativos y cognitivos que ayuden a la búsqueda, el conocimiento, la reflexión y toma eficiente/efectiva de decisiones para favorecer su día a día tanto a nuestros tutoriados/coachée como a sus familias.

🔊También soy Capacitadora en neuroeducación, inclusión educativa y funciones ejecutivas. Además, desde YoTeEscucho🎙️Neuropodcast brindo de manera gratuita los mejores temas de educación/psicología/coaching que los padres y docentes desean conocer junto con el acompañamiento altruista de grandes invitados que desde su experiencia comparten consejos y sugerencias.

📌 Experiencia:
✅ Más de 15 años de enseñanza en la Educación Inclusiva y Neuroeducación
✅ Experiencia en las áreas de Matemática, Biología y Química para primaria y secundaria.
✅ Experiencia en la enseñanza regular y en Bachillerato Internacional (IB)
✅ Capacitadora para padres y docentes.
✅ Capacitadora en Funciones Ejecutivas para jóvenes, adolescentes y adultos.

📚 Formación:
🎓 Máster en Educación | Universidad Internacional Iberoamericana de México
🎓 Máster en Coaching Ontológico y Sistémico - ICF | Escuela Internacional de Coaching (España)
🎓 Diplomado en Neuroeducación | Universidad Nacional Villa María (Argentina)
🎓 Diplomado en Abordaje Cognitivo Conductual en Niños y Adolescentes | Universidad Científica del Sur
🎓 Diplomado en Dirección y Gestión de Institucines Educativas | Universidad de Piura

🔗 Conectemos: Siempre busco colaborar con profesionales que comparten mi visión. ¡Escríbeme!"
"Javier","Michue","https://www.linkedin.com/in/javier-michue-73a475176","Coach de Bienestar & Salud | +10 años ayudando a personas y empresas a mejorar su energía y cultura laboral",,,,,,,,,,"PE","Peru",,"Peru","PE","Peru",,,"Peru",,,,,,,,,,,,,,,,,,,,,,,,,,,,,,,,,,,,,,,,,,,,,,,,,,,,,,,,,,,,,,,,,,,,,,,,,,,,,,,,,,,,,,,,,,,,,,,,,,,"https://www.linkedin.com/search/results/all/?keywords=Javier+Michue",,,,,,,,,,,"Javier Michue",,"Coach de bienestar, comprometido con ayudar a personas y equipos a reconectar con su energía, salud y propósito.

Mi propósito es claro: activar el bienestar físico, mental y emocional de cada persona que acompaño, generando cambios reales que se sostienen en el tiempo. A lo largo de más de 10 años, he trabajado como entrenador personal, capacitador en salud y facilitador en entornos corporativos, guiando a cientos de personas a mejorar su estilo de vida, recuperar su vitalidad y aportar lo mejor de sí en su día a día.

Creo profundamente que el bienestar no es un lujo, sino una base esencial para vivir, trabajar y liderar con plenitud.","1 yr 7 mos","Self-employed","Present",,"San Borja, Peru","Coach personal",,"Habilidades sociales","Formación","Deportes","Coaching","Atención al cliente","Coaching para la vida","Coaching personal","Formación de directivos","Wellness coaching",,,,"Nov","Nov 2024","2024","Hybrid","682","683","Habilidades sociales • Coaching • Formación • Deportes • Formación de directivos","Soy Javier Michue, coach especializado en alto desempeño ejecutivo y liderazgo sostenible con más de 10 años de experiencia ayudando a líderes y organizaciones a convertir su talento en resultados concretos y duraderos.

En un entorno empresarial impulsado por la inteligencia artificial, el trabajo híbrido y los cambios constantes, mi trabajo se enfoca en 𝐥𝐨𝐠𝐫𝐚𝐫 𝐨𝐛𝐣𝐞𝐭𝐢𝐯𝐨𝐬 𝐞𝐬𝐭𝐫𝐚𝐭é𝐠𝐢𝐜𝐨𝐬 sin sacrificar la salud mental ni el bienestar integral de las personas.

Preparación Física para Líderes y Ejecutivos: 
Acompaño a líderes y ejecutivos en programas de entrenamiento físico 𝐩𝐞𝐫𝐬𝐨𝐧𝐚𝐥𝐢𝐳𝐚𝐝𝐨𝐬 que les permiten optimizar su rendimiento desde una base de salud sólida. Juntos trabajamos en acondicionamiento físico, nutrición estratégica y recuperación, adaptándonos a las demandas más exigentes.

Programas Corporativos de Bienestar: 
Desarrollo e implemento campañas empresariales de bienestar incluyendo pausas activas, programas de activación física en el lugar de trabajo y estrategias de salud ocupacional que potencian la energía, reducen el ausentismo y mejoran el clima laboral.

🎯Trabajo con equipos de liderazgo y empresas que priorizan la sostenibilidad humana como ventaja competitiva. 

👉 Mi enfoque garantiza que alcances tus metas mientras construyes una cultura organizacional saludable, ágil y preparada para el futuro del trabajo. 🚀"
"Vera","Pérez Linares","https://www.linkedin.com/in/vera-perez-linares","CEO Sintonía Consultora/ Vice Presidente del Consejo Directivo ICF Perú- Coach PCC /Team Coach/ Mentora/ Consultora/ Facilitadora/ Docente Post Grado/Licenciataria Benziger/Design Thinking/ Mètodo Pro.play/Miembro APCO",,,,,,,,,,"PE","Peru",,"Peru","PE","Peru",,,"Peru","true",,"true","https://media.licdn.com/dms/image/v2/D4E1BAQFFI_3h9kT-yg/company-background_10000/B4EZk0oF0gKQAU-/0/1757524550073/corpfonafe_cover?e=1779159600&v=beta&t=GAYfWYNcxKygy4zqqQuXioHp-xitwvLhPa5U-eooBzA","765","https://media.licdn.com/dms/image/v2/D4E1BAQFFI_3h9kT-yg/company-background_10000/B4EZk0oF0gKQAU-/0/1757524550073/corpfonafe_cover?e=1779159600&v=beta&t=GAYfWYNcxKygy4zqqQuXioHp-xitwvLhPa5U-eooBzA","4409","69","https://media.licdn.com/dms/image/v2/D4E1BAQFFI_3h9kT-yg/company-background_400/B4EZk0oF0gKQAY-/0/1757524550073/corpfonafe_cover?e=1779159600&v=beta&t=ImSSEBpL0Gwz19ZZy1J8hJDavyySslt2tV-bkVSzgrA","400","34","https://media.licdn.com/dms/image/v2/D4E1BAQFFI_3h9kT-yg/company-background_200/B4EZk0oF0gKQAc-/0/1757524550073/corpfonafe_cover?e=1779159600&v=beta&t=JEScnZUPlJa21SoD2JtLSZYppA-IqPVS-IdXXNUZSCk","200","http://www.fonafe.gob.pe","Somos el Fondo Nacional de Financiamiento de la Actividad Empresarial del Estado, el holding de empresas públicas más grande del país comprometido en lograr empresas estatales eficientes, responsables y sostenibles. Contribuimos con el desarrollo social, económico y ambiental del Perú a través de la optimización de la gestión de 35 empresas públicas, de diferentes sectores productivos a nivel nacional, que proveen bienes y servicios públicos a más de 33 millones de personas, dejando huella de progreso y bienestar en sus vidas.
","176","200","51","20050",,,,"1999",,"5559341","Government Administration","75","Government Administration","Government Administration","urn:li:fsd_industry:75","https://www.linkedin.com/jobs/search?geoId=92000000&f_C=5559341","https://www.linkedin.com/company/corpfonafe/","San Isidro","PE",,"Lima","true","3121 Avenida Paseo de la República",,"San Isidro","Peru","PE","Peru",,"Lima","San Isidro, Peru","Lima 27","https://media.licdn.com/dms/image/v2/C4D0BAQFJ86x9BIpQHg/company-logo_400_400/company-logo_400_400/0/1630485631489/corpfonafe_logo?e=1779926400&v=beta&t=ySm5MxjmaxMp-7Bp3Bi81i27TP82MwYPo18Hlx0oqvg","400","https://media.licdn.com/dms/image/v2/C4D0BAQFJ86x9BIpQHg/company-logo_400_400/company-logo_400_400/0/1630485631489/corpfonafe_logo?e=1779926400&v=beta&t=ySm5MxjmaxMp-7Bp3Bi81i27TP82MwYPo18Hlx0oqvg","400","200","https://media.licdn.com/dms/image/v2/C4D0BAQFJ86x9BIpQHg/company-logo_200_200/company-logo_200_200/0/1630485631489/corpfonafe_logo?e=1779926400&v=beta&t=AXa3vJFUhtN4tFzaC_8I7uoLvlPgNUt6gYzX6wvEQFI","200","100","https://media.licdn.com/dms/image/v2/C4D0BAQFJ86x9BIpQHg/company-logo_100_100/company-logo_100_100/0/1630485631489/corpfonafe_logo?e=1779926400&v=beta&t=eT_SN-75xuC-ANSU3SJflUGb79CoyXo47LgAGtIJeIY","100","Corporación FONAFE","COMPANY","true",,,"511 4404222","Gestión Pública","Planeamiento Estratégico","Desarrollo Corporativo",,,,,,,,,,,,,,,,,,,,,,,,,,,,,"Optimizar la gestión de las empresas bajo su ámbito para dejar huella de progreso y bienestar en todos los peruanos","corpfonafe","http://www.fonafe.gob.pe","5559341","https://www.linkedin.com/company/corpfonafe/","400","https://media.licdn.com/dms/image/v2/C4D0BAQFJ86x9BIpQHg/company-logo_400_400/company-logo_400_400/0/1630485631489/corpfonafe_logo?e=1779926400&v=beta&t=ySm5MxjmaxMp-7Bp3Bi81i27TP82MwYPo18Hlx0oqvg","400","200","https://media.licdn.com/dms/image/v2/C4D0BAQFJ86x9BIpQHg/company-logo_200_200/company-logo_200_200/0/1630485631489/corpfonafe_logo?e=1779926400&v=beta&t=AXa3vJFUhtN4tFzaC_8I7uoLvlPgNUt6gYzX6wvEQFI","200","100","https://media.licdn.com/dms/image/v2/C4D0BAQFJ86x9BIpQHg/company-logo_100_100/company-logo_100_100/0/1630485631489/corpfonafe_logo?e=1779926400&v=beta&t=eT_SN-75xuC-ANSU3SJflUGb79CoyXo47LgAGtIJeIY","100","https://media.licdn.com/dms/image/v2/C4D0BAQFJ86x9BIpQHg/company-logo_400_400/company-logo_400_400/0/1630485631489/corpfonafe_logo?e=1779926400&v=beta&t=ySm5MxjmaxMp-7Bp3Bi81i27TP82MwYPo18Hlx0oqvg","Corporación FONAFE","corpfonafe","- Diseño e implementación de focus groups, para profundizar en la parte cualitativa de la encuesta de clima organizacional.","2 mos",,"Present","bea36d76953fa111d55c1225c288a248f966c936",,"Consultora de Gestión Humana",,"Escucha activa","Comunicación","Recursos humanos (RR. HH.)","Clima Organizacional",,,,,,,,,"Apr","Apr 2026","2026",,"29567","30556","Negociación • Liderazgo de equipos • Gestión • Coaching organizacional • Gestión de proyectos","Especialista en el diseño e implementación de estrategias de Gestión Humana con más de 15 años de trayectoria, con comprobado impacto  en el planeamiento estratégico organizacional. Lidero la implementación de metodologías innovadoras aplicadas a todo el ciclo del talento: selección, capacitación y desarrollo, administración de personal, plan de compensación total, relaciones laborales y gestión sindical. 
Con experiencia probada en alinear las prácticas de Gestión Humana con los objetivos estratégicos de la institución, promoviendo transparencia, eficiencia y desarrollo sostenible del capital humano.

Certificada y credencializada como Professional Certified Coach- PCC, avalada por la International Coaching Federation ICF. Vicepresidente de la International Coaching Federation Capítulo Perú. Docente postgrado.

Me considero una líder innovadora, resiliente, gestionando y logrando resultados en armonía con el equipo. 
"
"Fernando","Gil Sanguineti","https://www.linkedin.com/in/fernando-gil-sanguineti","Consultor especializado en Liderazgo, Desarrollo Directivo y Coaching Ejecutivo y de Equipos desde hace 23 años. Acompaño a personas desde la PNL y el Coaching de Vida a encontrar su mejor versión.",,"true",,"fgil@jamming.pe","true","false","100","risky","true","PE","Peru",,"Peru","PE","Peru",,,"Peru","true",,"false","https://media.licdn.com/dms/image/v2/D4D1BAQFs6nPWASZZgA/company-background_10000/B4DZxKJTh1HMAU-/0/1770770480074/iacglobalworld_cover?e=1779159600&v=beta&t=_JOYwRi6pexEpcg58Pr4luaGlAW_ls5fy_q84HO31YA","191","https://media.licdn.com/dms/image/v2/D4D1BAQFs6nPWASZZgA/company-background_10000/B4DZxKJTh1HMAU-/0/1770770480074/iacglobalworld_cover?e=1779159600&v=beta&t=_JOYwRi6pexEpcg58Pr4luaGlAW_ls5fy_q84HO31YA","1128","67","https://media.licdn.com/dms/image/v2/D4D1BAQFs6nPWASZZgA/company-background_400/B4DZxKJTh1HMAY-/0/1770770480074/iacglobalworld_cover?e=1779159600&v=beta&t=vvVWaUFiBBnNCtxpCZ8IlmGJ8WCDhxEfM5LqX2uhHtA","400","33","https://media.licdn.com/dms/image/v2/D4D1BAQFs6nPWASZZgA/company-background_200/B4DZxKJTh1HMAc-/0/1770770480074/iacglobalworld_cover?e=1779159600&v=beta&t=UbNsRu6ijA8AtJ6OdhKcZSSi2wXZjUWBmdREBz_g3vw","200","http://www.certifiedcoach.org","The IAC is an independent, global coach certifying body. Our mission is to inspire the on-going evolution and application of universal coaching standards. Coaching is a transformative process for personal and professional awareness, discovery and growth. 

Our comprehensive certification process evaluates the demonstration of specific masteries that are the hallmark of the most effective and distinguished coaches, as well as sets high standards for the coach’s ethical, professional, and business behaviors. The purpose of this certification is to provide the clients of coaches a valid measure of assurance that they will receive the best coaching.","87","200","51","10210",,,,"2003",,"783892","Education > Professional Training and Coaching","105","Professional Training & Coaching","Professional Training and Coaching","urn:li:fsd_industry:105","https://www.linkedin.com/jobs/search?geoId=92000000&f_C=783892","https://www.linkedin.com/company/iacglobalworld/","Nashville","US",,"TN","true","PO Box 158555",,"Nashville","United States","US","United States of America",,"Tennessee","Nashville, TN, United States","37215","https://media.licdn.com/dms/image/v2/C4D0BAQFcjXxuc3FZyw/company-logo_400_400/company-logo_400_400/0/1630506173062/iacglobalworld_logo?e=1779926400&v=beta&t=Gk3fyPCZRA2ddzBZ6Mh3QQfU6o9KfH0NEip09EBO5HI","400","https://media.licdn.com/dms/image/v2/C4D0BAQFcjXxuc3FZyw/company-logo_400_400/company-logo_400_400/0/1630506173062/iacglobalworld_logo?e=1779926400&v=beta&t=Gk3fyPCZRA2ddzBZ6Mh3QQfU6o9KfH0NEip09EBO5HI","400","200","https://media.licdn.com/dms/image/v2/C4D0BAQFcjXxuc3FZyw/company-logo_200_200/company-logo_200_200/0/1630506173062/iacglobalworld_logo?e=1779926400&v=beta&t=x75nRDm1ZPtkqOA3FRybmkHCU36-olpN9dAgy757wXY","200","100","https://media.licdn.com/dms/image/v2/C4D0BAQFcjXxuc3FZyw/company-logo_100_100/company-logo_100_100/0/1630506173062/iacglobalworld_logo?e=1779926400&v=beta&t=08nm3vhdiESCHB92CezR-NlkG04UI4ulBGjDCj-Gbtg","100","International Association of Coaching® (IAC)","COMPANY","false",,,,"We aim to advance coaching to the highest standards of universal excellence","coaching","executive coaching","life coaching","masteries","human development","desarrollo humano",,,,,,,,,,,,,,,,,,,,,,,,,"We are the home and the certifying body of the IAC Coaching Masteries®
We are a global family","iacglobalworld","https://certifiedcoach.org/","783892","https://www.linkedin.com/company/iacglobalworld/","400","https://media.licdn.com/dms/image/v2/C4D0BAQFcjXxuc3FZyw/company-logo_400_400/company-logo_400_400/0/1630506173062/iacglobalworld_logo?e=1779926400&v=beta&t=Gk3fyPCZRA2ddzBZ6Mh3QQfU6o9KfH0NEip09EBO5HI","400","200","https://media.licdn.com/dms/image/v2/C4D0BAQFcjXxuc3FZyw/company-logo_200_200/company-logo_200_200/0/1630506173062/iacglobalworld_logo?e=1779926400&v=beta&t=x75nRDm1ZPtkqOA3FRybmkHCU36-olpN9dAgy757wXY","200","100","https://media.licdn.com/dms/image/v2/C4D0BAQFcjXxuc3FZyw/company-logo_100_100/company-logo_100_100/0/1630506173062/iacglobalworld_logo?e=1779926400&v=beta&t=08nm3vhdiESCHB92CezR-NlkG04UI4ulBGjDCj-Gbtg","100","https://media.licdn.com/dms/image/v2/C4D0BAQFcjXxuc3FZyw/company-logo_400_400/company-logo_400_400/0/1630506173062/iacglobalworld_logo?e=1779926400&v=beta&t=Gk3fyPCZRA2ddzBZ6Mh3QQfU6o9KfH0NEip09EBO5HI","International Association of Coaching® (IAC)","iacglobalworld",,"3 yrs 3 mos","Full-time","Present","dd4ab9f6d1263c095a5e2b329c4cf41e9471ac99","United States","Accredited School Owner",,,,,,,,,,,,,,"Mar","Mar 2023","2023","Hybrid","30000","32890",,"Hola, soy Fernando Gil, peruano,  Master coach Trainer, coach de vida, coach ejecutivo y de equipos. 
Terapeuta de PNL, de hipnosis Ericksoniana, acompañante de bioneuroemoción y nueva medicina Germánica, Consultor de transformación institucional, Conferencista y escritor.  

Me encanta jugar tennis, bailar, escuchar música, cocinar comida mediterránea siendo mi especialidad las paellas y las fideuá, ir a conciertos, soy un lector ""insoportable"", me gusta viajar, pasar tiempo en familia, tener conversaciones de valor, me encanta el cine y los musicales, actividades de riesgo como lanzarme en paracaídas, hacer ayahuasca en cuatro ceremonias de 5 días seguidos, disfruto construyendo amistades y estando presente. 

Me motiva aprender, crecer y tomar conciencia, trabajar en mi desarrollo personal y ayudar a otros en esos mismos procesos. Mi propósito de vida es ser el catalizador de la amplación de los niveles de conciencia en la humanidad. 

Como profesional me apasiona acompañar a las personas a descubrir su sentido de propósito y convertirlo en objetivos concretos. 

Mi legado es el de generar grandes procesos de transformación en las personas, convirtiendo cada experiencia, incluyendo las profundamente dolorosas, en experiencias de aprendizaje y trascendencia. Que luego de mi acompañamiento puedan irradiar esa transformación en cada persona con la que interactúen. Llevo más de 25 años como coach, terapeuta y consultor de procesos de transformación personal y empresarial siendo el pionero del Coaching en el Perú y uno de los referentes en América Latina.

Actualmente quiero ser oferta para el mundo en aquello que considero mis mayores talentos y conforman mi sentido de contribución en la vida, acompañando a otros alcanzar su mejor versión a través del coaching, la terapia y los más de 25 años que tengo de experiencia que convierten mi palabra y los recursos que utilizo en las heramientas idóneas para ello.

Gracias por visitar mi perfil de linkedin 
Fernando Gil Sanguinetti 
fgil@jamming.pe 
"
"Nathaly","Prado Ugarte","https://www.linkedin.com/in/nathaly-prado-ugarte-753b9914","Coach & Speaker en Transformación Personal y Liderazgo Consciente | Master Coach en PNL e Hipnoterapeuta Ericksoniana | Conductora del programa “Tu Mejor Versión” | +15 años liderando equipos",,,,,,,,,,"PE","Peru",,"Peru","PE","Peru",,,"Peru",,,,,,,,,,,,,,,,,,,,,,,,,,,,,,,,,,,,,,,,,,,,,,,,,,,,,,,,,,,,,,,,,,,,,,,,,,,,,,,,,,,,,,,,,,,,,,,,,,,"https://www.linkedin.com/search/results/all/?keywords=Profesional+independiente",,,,,,,,,,,"Freelance",,"Desarrollo mi labor de manera independiente brindando:

Sesiones personalizadas de Coaching e Hipnosis Ericksoniana.
Entrenamientos y conferencias sobre liderazgo, comprensión emocional y desarrollo personal.
Procesos de acompañamiento para equipos y organizaciones en transformación cultural.
Facilito talleres y entrenamientos vivenciales basados en herramientas de Programación Neurolingüística, orientados al desarrollo de habilidades blandas.
Conducción del programa digital “Tu Mejor Versión”, un espacio de inspiración y crecimiento donde entrevisto y comparto herramientas para el desarrollo personal y el bienestar.

Mi trabajo combina estrategias de gestión con herramientas de PNL, neurociencia y comunicación consciente, impulsando resultados reales y sostenibles tanto en personas como en empresas.","10 mos",,"Present",,,"Coach / Facilitadora / Speaker",,,,,,,,,,,,,,"Aug","Aug 2025","2025",,"460","533",,"“Creo que las personas y equipos pueden alcanzar su máximo potencial cuando aprenden a liderar desde adentro. Soy Nathaly Prado, Master Coach en PNL, Speaker e Hipnoterapeuta, con más de 15 años de experiencia como gerente de empresas en los sectores de restaurantes, gimnasios y servicios. Hoy acompaño procesos de transformación personal y profesional, integrando el poder del coaching, la neuroprogramación y la experiencia empresarial para formar líderes auténticos, resilientes y con propósito.”"
"Jane","Navarro Torre","https://www.linkedin.com/in/janenavarrot","Coach Senior Certificada, acompaña procesos de coaching para organizaciones y personas. Docente de CENTRUM - PUCP",,"true",,"jane.navarro@pucp.edu.pe",,"false","60","risky","true","PE","Peru",,"Peru","PE","Peru",,,"Peru","true",,"false","https://media.licdn.com/dms/image/v2/D4E1BAQEhFmrS88v06g/company-background_10000/B4EZWVCPe4HMAU-/0/1741962148377/centrumpucp_cover?e=1779159600&v=beta&t=Go10HjELMUGDqXGzE30L98pNFifoFV9Dvua2SQD20U0","192","https://media.licdn.com/dms/image/v2/D4E1BAQEhFmrS88v06g/company-background_10000/B4EZWVCPe4HMAU-/0/1741962148377/centrumpucp_cover?e=1779159600&v=beta&t=Go10HjELMUGDqXGzE30L98pNFifoFV9Dvua2SQD20U0","1129","68","https://media.licdn.com/dms/image/v2/D4E1BAQEhFmrS88v06g/company-background_400/B4EZWVCPe4HMAY-/0/1741962148377/centrumpucp_cover?e=1779159600&v=beta&t=DkSZvva4-Iwf1bBYByUkW9YEaUXANGCNMjprGDHtMxg","400","34","https://media.licdn.com/dms/image/v2/D4E1BAQEhFmrS88v06g/company-background_200/B4EZWVCPe4HMAc-/0/1741962148377/centrumpucp_cover?e=1779159600&v=beta&t=8jVIZN8qmpfd9WyPYcjMGxKhYbqEenlktFkv41WY9HE","200","https://centrum.pucp.edu.pe/","Bienvenido a nuestra página en LinkedIn.

Somos la única escuela de negocios del Perú y una de las siete de Latinoamérica que ha alcanzado la Triple Corona, lo que la convierte en una de las 57 escuelas de negocios, de 12,600, que han obtenido las tres acreditaciones más prestigiosos del mundo: AACSB, EQUIS y AMBA. Este logro certifica que proporciona programas de alta calidad y cumple los más altos estándares internacionales, y afirma su compromiso con el desarrollo sostenible global. 


We are the only business school in Peru, and among seven business schools in South America to have achieved the Triple Crown recognition, having earned the three most prestigious international accreditations for business schools: AACSB, EQUIS, and AMBA.  Only 57 of the 12,600 business schools worldwide have received this achievement, certifying that its programs meet highest international standards, and that it is committed to global sustainable development.","1075","500","201","182113",,,,"2001",,"809548","Education > Higher Education","68","Higher Education","Higher Education","urn:li:fsd_industry:68","https://www.linkedin.com/jobs/search?geoId=92000000&f_C=809548","https://www.linkedin.com/school/centrumpucp/","Lima","PE","Sede en Surco","Lima","true","Jr. Daniel Alomía Robles 125, Santiago de Surco",,"Lima","Peru","PE","Peru",,"Lima","Lima, Peru","15023","https://media.licdn.com/dms/image/v2/D4E0BAQH7rjBETw5q0w/img-crop_100/B4EZcIuSraHkAM-/0/1748198043424?e=1779926400&v=beta&t=3MGVD6p2QTicxiZ_4K_T2JA_P6bhX9EsTY3JHs52vl8","100","https://media.licdn.com/dms/image/v2/D4E0BAQH7rjBETw5q0w/img-crop_100/B4EZcIuSraHkAM-/0/1748198043424?e=1779926400&v=beta&t=3MGVD6p2QTicxiZ_4K_T2JA_P6bhX9EsTY3JHs52vl8","100",,,,,,,"CENTRUM PUCP","SCHOOL","true",,,"016267100","MBA","DBA","Specialized Masters Programs","Executive Education","Maestrías","Operaciones","Supply Chain Management","Liderazgo","Marketing","Estrategia","Finanzas","Talento","Coaching","Recursos Humanos","Tecnologías de la Información","Educación Ejecutiva",,,,,,,,,,,,,,,,"Escuela para los Buenos Negocios","centrumpucp","https://centrum.pucp.edu.pe/","809548","https://www.linkedin.com/school/centrumpucp/","100","https://media.licdn.com/dms/image/v2/D4E0BAQH7rjBETw5q0w/img-crop_100/B4EZcIuSraHkAM-/0/1748198043424?e=1779926400&v=beta&t=3MGVD6p2QTicxiZ_4K_T2JA_P6bhX9EsTY3JHs52vl8","100",,,,,,,"https://media.licdn.com/dms/image/v2/D4E0BAQH7rjBETw5q0w/img-crop_100/B4EZcIuSraHkAM-/0/1748198043424?e=1779926400&v=beta&t=3MGVD6p2QTicxiZ_4K_T2JA_P6bhX9EsTY3JHs52vl8","CENTRUM Católica Graduate Business School","centrumpucp","Acompaño a los alumnos durante su proceso de aprendizaje, como coach, mentora y docente. ","8 yrs 9 mos",,"Present",,"Lima, Perú","Coach Supervisora de la Diplomatura de Estudio Internacional en Gestión de Business Coaching",,,,,,,,,,,,,,"Sep","Sep 2017","2017",,"1369","1464",,"15 años de experiencia como Coach Certificada por la PUCP, con especialización en Coaching Organizacional. Coach acreditada por FICOP (Federación Internacional de Coaching Ontológico Profesional), Diplomada en Psicología Organizacional y Gestión del Talento, Certificación en Constelaciones Organizacionales y Consultoría Sistémica, Certificada en Aprendizaje Experimencial y Coaching de Equipos. Contadora Pública Colegiada con Maestría en Administración.

Coach Supervisora de la Diplomatura Internacional en Business Coaching de CENTRUM de la PUCP. Ha sido docente del Diplomado de Coaching Empresarial de la USMP, docente del Centro de Educación Continua de la URP, docente del Diplomado Internacional de Gestión del Talento del Colegio de Psicólogos del Perú. Amplia experiencia en acompañamiento en procesos de coaching y facilitando talleres de coaching para organizaciones y personas.

Delineo, desarrollo y facilito talleres de coaching vivenciales abiertos e in house. 

Diseño y realizo procesos de:

- Coaching Organizacional
- Coaching de Equipos
- Coaching Ejecutivo
- Coaching de Vida, para el desarrollo del potencial personal y profesional.

Trabajé por más de 15 años como consultora, contadora general y administradora en diferentes organizaciones industriales, comerciales y de servicio. Esta experiencia empresarial me ha permitido conocer de cerca, y entender las diferentes realidades organizacionales, lo cual me facilita abordar diferentes dinámicas y situaciones desde el coaching."
"Catherina","Gianella","https://www.linkedin.com/in/catherina-gianella-b2884727","Executive and Integrative Coach with 20 years of experience",,,,,,,,,,"PE","Peru",,"Peru","PE","Peru",,,"Peru","true",,"false","https://media.licdn.com/dms/image/v2/D4E1BAQFVdk0kgE5_SA/company-background_10000/company-background_10000/0/1688749247359/teip_coaching_cover?e=1779159600&v=beta&t=A5tVlJsqBQtRNmqV7SoXVA5d8AyT1es1H8uvQtEHQGM","376","https://media.licdn.com/dms/image/v2/D4E1BAQFVdk0kgE5_SA/company-background_10000/company-background_10000/0/1688749247359/teip_coaching_cover?e=1779159600&v=beta&t=A5tVlJsqBQtRNmqV7SoXVA5d8AyT1es1H8uvQtEHQGM","720","209","https://media.licdn.com/dms/image/v2/D4E1BAQFVdk0kgE5_SA/company-background_400/company-background_400/0/1688749247359/teip_coaching_cover?e=1779159600&v=beta&t=byiTxDFL4lWpPtnuOz9Op0_k1WwketUMdvVBQEBdJxc","400","104","https://media.licdn.com/dms/image/v2/D4E1BAQFVdk0kgE5_SA/company-background_200/company-background_200/0/1688749247359/teip_coaching_cover?e=1779159600&v=beta&t=4ucgly2P5u6lV1AvSFNunzHfZDRv9aiAKiLrKzygsx8","200","http://www.teipcoaching.com","TEIP es un programa integral cuidadosamente diseñado para Top Performers con desempeño en entornos altamente competitivos con el objetivo de trabajar cada aspecto de su performance  llevándolo a su máximo potencial manteniendo su esencia y su propósito de vida.

TEIP is an integrative program carefully designed for top professionals who want to work in all aspects of their performance in order to take it to the highest level, while maintaining their core essence and life purpose","1","10","2","111",,,,"2013",,"98196560","Professional Services > Business Consulting and Services > Human Resources Services","137","Human Resources","Human Resources Services","urn:li:fsd_industry:137","https://www.linkedin.com/jobs/search?geoId=92000000&f_C=98196560","https://www.linkedin.com/company/teip-coaching/","Lima
","PE","Headquarters","","true","","","Lima","Peru","PE","Peru",,"Lima","Lima, Peru","","https://media.licdn.com/dms/image/v2/D4E0BAQHO3OdQ7UKHdA/company-logo_400_400/company-logo_400_400/0/1688668760773?e=1779926400&v=beta&t=9aMu26iQrgSS8CL9Z68p2GM6HKxENslfCipzN4DPsNQ","400","https://media.licdn.com/dms/image/v2/D4E0BAQHO3OdQ7UKHdA/company-logo_400_400/company-logo_400_400/0/1688668760773?e=1779926400&v=beta&t=9aMu26iQrgSS8CL9Z68p2GM6HKxENslfCipzN4DPsNQ","400","200","https://media.licdn.com/dms/image/v2/D4E0BAQHO3OdQ7UKHdA/company-logo_200_200/company-logo_200_200/0/1688668760773?e=1779926400&v=beta&t=gaV87hfgy5OKnr5dYjpmn2CoeIc3VIo1uOcoHMbWydI","200","100","https://media.licdn.com/dms/image/v2/D4E0BAQHO3OdQ7UKHdA/company-logo_100_100/company-logo_100_100/0/1688668760773?e=1779926400&v=beta&t=_ZePAeyMsDuururKE80F-9scg43yRzZNTA_HAQGapfY","100","TEIP Coaching","COMPANY","false",,,"991620216","Coaching","Leadership","Psychology","Wellness","Human potential",,,,,,,,,,,,,,,,,,,,,,,,,,,"Integrative Growth for Top Performers","teip-coaching","www.teipcoaching.com","98196560","https://www.linkedin.com/company/teip-coaching/","400","https://media.licdn.com/dms/image/v2/D4E0BAQHO3OdQ7UKHdA/company-logo_400_400/company-logo_400_400/0/1688668760773?e=1779926400&v=beta&t=9aMu26iQrgSS8CL9Z68p2GM6HKxENslfCipzN4DPsNQ","400","200","https://media.licdn.com/dms/image/v2/D4E0BAQHO3OdQ7UKHdA/company-logo_200_200/company-logo_200_200/0/1688668760773?e=1779926400&v=beta&t=gaV87hfgy5OKnr5dYjpmn2CoeIc3VIo1uOcoHMbWydI","200","100","https://media.licdn.com/dms/image/v2/D4E0BAQHO3OdQ7UKHdA/company-logo_100_100/company-logo_100_100/0/1688668760773?e=1779926400&v=beta&t=_ZePAeyMsDuururKE80F-9scg43yRzZNTA_HAQGapfY","100","https://media.licdn.com/dms/image/v2/D4E0BAQHO3OdQ7UKHdA/company-logo_400_400/company-logo_400_400/0/1688668760773?e=1779926400&v=beta&t=9aMu26iQrgSS8CL9Z68p2GM6HKxENslfCipzN4DPsNQ","TEIP Coaching","teip-coaching",,"3 yrs",,"Present",,,"Founder and Director",,,,,,,,,,,,,,"Jun","Jun 2023","2023",,"857","875","Executive Coaching • Leadership • Change Management","Catherina Gianella is a multilingual Executive and Integrative Coach specialized in Leadership, transformation, HR strategies, Team Building, and development of High Potentials and Top Performers. 
With 20 years of experience as a Coach, teacher and trainer.
Her background in education and cognitive processes give her added insight when designing taylor-made models and tools for each coaching journey and program.

Catherina coached in the Odyssey of the Mind International Program developing Creativity, leadership, and problem-solving skills. She prepared three teams for the World Finals in 1998.

Born in Peru, of Italian origin, and raised in the US, Catherina´s multicultural understading and cross cultural competency are key assets for connecting with professionals from all backgrounds. 
She's lived and worked in Europe,  USA,UK, Spain, Italy, and Peru. 

Catherina coaches top executives worldwide in  launching their careers to the next level.

Among her clients:
 Ernst &Young, Telefonica, Banco Santander, BBVA, IKEA, Luis Vives Foundation, Casa Encendida, and the Chamber of Commerce of Spain. 
More recently, The Italian GDF, The Italian Trade Commission,. 
as well as the Italian Parliament,
Financial groups and reknown mining companies operating in Latin America.

"" I know the power within people and the impact of adequate Coaching in allowing them to unlock potential, raise awareness, self-belief and clarity in their path to success. 

I have a true passion for my profession - Helping people help themselves in achieving true fulfillment, both in their professional and personal lives.""

Specialties: Multilingual COACH-TEACHER-TRAINER


Languages: English,Spanish, Italian, French  


EXECUTIVE COACHING

Change
Leadership & Communication
Performance enhancement
Team building 




Change and Personal Development 
Coaching for Expats"
"Eduardo","Jourde","https://www.linkedin.com/in/edujourde","Coach Corporativo / Especialista en Liderazgo Humano & Equipos de Alto Impacto / ICC® Certified Life & Team Coach / Master Power Coach Trainer / Humano.",,"true",,"eduardo.jourde@crianzasmart.com",,"false","60","risky","true","PE","Peru",,"Peru","PE","Peru",,,"Peru",,,,,,,,,,,,,,,,,,,,,,,,,,,,,,,,,,,,,,,,,,,,,,,,,,,,,,,,,,,,,,,,,,,,,,,,,,,,,,,,,,,,,,,,,,,,,,,,,,,"https://www.linkedin.com/search/results/all/?keywords=Coach+Eduardo",,,,,,,,,,,"Coach Eduardo",,"Coach profesional certificado por la International Coaching Community (ICC®) en Life Coaching con PNL y Team Coaching.

Acompaño a equipos y líderes a fortalecer su comunicación, cohesión y bienestar emocional, impactando directamente en el clima laboral, la colaboración y el desempeño organizacional.

A través de talleres y programas corporativos, facilito espacios donde las personas pueden desarrollar habilidades clave como la inteligencia emocional, la gestión de conflictos, la autoestima y el trabajo en equipo, llevándolas del concepto a la práctica dentro de su entorno laboral.

Mi enfoque integra lo humano con lo empresarial, generando transformaciones que no solo se sienten en las personas, sino que también se reflejan en los resultados del equipo.

Contacto: www.coacheduardo.pe","11 yrs 7 mos","Self-employed","Present",,"Provincia de Lima","Coach",,"Liderazgo humano","Inteligencia emocional","Formación y desarrollo","Gestión cultural","Comunicación asertiva","Empoderamiento de equipos",,,,,,,"Nov","Nov 2014","2014",,"4659","4911","Desarrollo de liderazgo • Coaching • Trabajo en equipo","Muchas empresas intentan mejorar resultados trabajando en herramientas, procesos o equipos. Pero pocas miran la raíz real del problema: lo que el líder no ha trabajado en sí mismo.
 
Porque un líder no gestiona desde lo que sabe… gestiona desde lo que es.
Y cuando esa base no está bien trabajada —emocional, personal, profesional e internamente— ninguna herramienta se sostiene en el tiempo.
 
Ahí es donde trabajo.
 
Soy Coach Corporativo y acompaño a empresas a desarrollar líderes desde su dimensión personal, emocional y profesional, para que puedan gestionar mejor a sus equipos y generar resultados reales.
 
Mi enfoque parte de una idea simple, pero necesaria: no basta con enseñar herramientas, hay que trabajar sobre la persona que las usa.
 
Por eso, primero fortalecemos al líder —su claridad, su seguridad, su capacidad de comunicación y su gestión emocional— y luego incorporamos herramientas concretas de liderazgo, toma de decisiones y gestión de equipos.
 
¿Qué sucede cuando esto se hace bien?
• Los equipos dejan de operar desde el desgaste.
• Las conversaciones incómodas empiezan a suceder.
• Los líderes toman decisiones con mayor criterio.
• Mejora el compromiso y la colaboración.
• Los resultados dejan de depender del esfuerzo individual y se sostienen en el equipo.
 
Cuento con más de 11 años acompañando procesos de desarrollo en empresas, trabajando con líderes y equipos en distintos niveles de la organización.
Y si algo he aprendido en este camino, es que el liderazgo no falla por falta de herramientas, falla por lo que el líder no ha trabajado en sí mismo.
 
Si en tu equipo hay resultados que no están apareciendo, probablemente no sea un problema técnico.
 
Si esto te hace sentido, conversemos aquí en LinkedIn o por mi pagina web: www.coacheduardo.pe"
"Marité","Duarte C","https://www.linkedin.com/in/mariteduartecasas-3788932","Consultora Organizacional | Nueva Longevidad y Economia Plateada | Liderazgo Generativo | Diversidad Generacional | Transición Laboral | Propósito y Legado | Familias Empresarias| Mentora | Coach ACC ",,,,,,,,,,"PE","Peru",,"Peru","PE","Peru",,,"Peru","true",,"false","https://media.licdn.com/dms/image/v2/D4E1BAQGhcKrWcDp-DQ/company-background_10000/B4EZgAPwYJG4AU-/0/1752350787634/instituto_de_liderazgo_generativo_latam_cover?e=1779159600&v=beta&t=k-PbJvLv08muzqhY5rXZ-Z4RGvHDP84V-argH6f4P5k","1440","https://media.licdn.com/dms/image/v2/D4E1BAQGhcKrWcDp-DQ/company-background_10000/B4EZgAPwYJG4AU-/0/1752350787634/instituto_de_liderazgo_generativo_latam_cover?e=1779159600&v=beta&t=k-PbJvLv08muzqhY5rXZ-Z4RGvHDP84V-argH6f4P5k","2560","225","https://media.licdn.com/dms/image/v2/D4E1BAQGhcKrWcDp-DQ/company-background_400/B4EZgAPwYJG4AY-/0/1752350787634/instituto_de_liderazgo_generativo_latam_cover?e=1779159600&v=beta&t=TLx7uOOXCyqcYrNIZQsYVvAB383aLcskVAxd6iBHU2c","400","112","https://media.licdn.com/dms/image/v2/D4E1BAQGhcKrWcDp-DQ/company-background_200/B4EZgAPwYJG4Ac-/0/1752350787634/instituto_de_liderazgo_generativo_latam_cover?e=1779159600&v=beta&t=Vt_ksC0B0StARlgMkz7ikBNdEPTjK4o4ojqW97kFR4k","200","https://liderazgogenerativola.com/ccg1-2023/","IGL se ha enfocado en el desarrollo de las artes del desempeño de liderazgo, gestión y trabajo en equipo, proporcionando los estándares y prácticas para estos campos como profesiones. 

El Liderazgo Generativo se basa en estudios que datan de 1981 y se basan en los campos de diseño ontológico, cognición, aprendizaje incorporado, inteligencia emocional y lenguaje generativo para permitir que los líderes y coaches lleven los resultados de liderazgo y organización a un nivel superior.","13","200","51","1935",,,,"1981",,"42278879","Education > Higher Education","68","Higher Education","Higher Education","urn:li:fsd_industry:68","https://www.linkedin.com/jobs/search?geoId=92000000&f_C=42278879","https://www.linkedin.com/company/instituto-de-liderazgo-generativo-latam/","Latinoamérica y el mundo","OO","Sede",,"true",,,,,,,"LATAM",,"LATAM",,"https://media.licdn.com/dms/image/v2/D4E0BAQHe-AK9A4j6Fg/company-logo_400_400/B4EZfNkCP3HIAY-/0/1751500465583/instituto_de_liderazgo_generativo_latam_logo?e=1779926400&v=beta&t=w2kCxM7w3YPvQnukoFqrwY-SHDfltb63w3JslgGMSvQ","400","https://media.licdn.com/dms/image/v2/D4E0BAQHe-AK9A4j6Fg/company-logo_400_400/B4EZfNkCP3HIAY-/0/1751500465583/instituto_de_liderazgo_generativo_latam_logo?e=1779926400&v=beta&t=w2kCxM7w3YPvQnukoFqrwY-SHDfltb63w3JslgGMSvQ","400","200","https://media.licdn.com/dms/image/v2/D4E0BAQHe-AK9A4j6Fg/company-logo_200_200/B4EZfNkCP3HIAI-/0/1751500465583/instituto_de_liderazgo_generativo_latam_logo?e=1779926400&v=beta&t=INIgaIvCMGFoOMUJDdEbJ1lEz19ePjq8mKxRlA1vV_Q","200","100","https://media.licdn.com/dms/image/v2/D4E0BAQHe-AK9A4j6Fg/company-logo_100_100/B4EZfNkCP3HIAQ-/0/1751500465583/instituto_de_liderazgo_generativo_latam_logo?e=1779926400&v=beta&t=UVOyXV9x8CvHj6aHCteFrQKVkoIjsySYep44irsurHk","100","Instituto de Liderazgo Generativo LATAM","COMPANY","false",,,,"Consultoría generativa para organizaciones","Coaching","Liderazgo Generativo","Coaching generativo para organizaciones ","Coaching organizacional","consultoría","Liderazgo",,,,,,,,,,,,,,,,,,,,,,,,,"Somos el laboratorio vivo del liderazgo del futuro presente en Iberoamérica.","instituto-de-liderazgo-generativo-latam","https://liderazgogenerativola.com/","42278879","https://www.linkedin.com/company/42278879/","400","https://media.licdn.com/dms/image/v2/D4E0BAQHe-AK9A4j6Fg/company-logo_400_400/B4EZfNkCP3HIAY-/0/1751500465583/instituto_de_liderazgo_generativo_latam_logo?e=1779926400&v=beta&t=w2kCxM7w3YPvQnukoFqrwY-SHDfltb63w3JslgGMSvQ","400","200","https://media.licdn.com/dms/image/v2/D4E0BAQHe-AK9A4j6Fg/company-logo_200_200/B4EZfNkCP3HIAI-/0/1751500465583/instituto_de_liderazgo_generativo_latam_logo?e=1779926400&v=beta&t=INIgaIvCMGFoOMUJDdEbJ1lEz19ePjq8mKxRlA1vV_Q","200","100","https://media.licdn.com/dms/image/v2/D4E0BAQHe-AK9A4j6Fg/company-logo_100_100/B4EZfNkCP3HIAQ-/0/1751500465583/instituto_de_liderazgo_generativo_latam_logo?e=1779926400&v=beta&t=UVOyXV9x8CvHj6aHCteFrQKVkoIjsySYep44irsurHk","100","https://media.licdn.com/dms/image/v2/D4E0BAQHe-AK9A4j6Fg/company-logo_400_400/B4EZfNkCP3HIAY-/0/1751500465583/instituto_de_liderazgo_generativo_latam_logo?e=1779926400&v=beta&t=w2kCxM7w3YPvQnukoFqrwY-SHDfltb63w3JslgGMSvQ","Instituto de Liderazgo Generativo LATAM",,,"6 yrs 2 mos","Freelance","Present","a1cfe44a0aaf407f8f202a36d68ef9b19083eb6c","Estados Unidos","Mentora & Coach",,"Trabajo en equipo","Transformación cultural","Coaching Staff","Capacitación","Team Building","Habilidades sociales","Coaching","Team Leadership","Coaching laboral","Communication Skills","Formación y desarrollo","Gestión del talento","Apr","Apr 2020","2020","Remote","2536","3280","Coaching Staff • Communication Skills • Desarrollo de liderazgo • Planificación • Transformación cultural","Luego de más de 30 años de trayectoria en el sector financiero, liderando equipos y proyectos en instituciones como el Banco Central de Reserva, Banco Santander, Citibank, Grupo ING, Scotiabank, HSBC y Banco Pichincha, decidí emprender una nueva etapa: formarme como consultora y coach organizacional con foco en liderazgo, comunicación, cultura y diversidad generacional.

Hoy, estoy dedicada a contribuir con una transformación cultural que valore la experiencia como un activo estratégico. Me comprometo con la evolución de las organizaciones hacia modelos más conscientes, diversos y sostenibles, donde las personas mayores de 50 años no sean invisibilizadas, sino reconocidas por su talento, conocimiento y capacidad de generar valor en un mundo en constante cambio.

Promuevo una mirada más realista y humana sobre la Nueva Longevidad, un fenómeno social que plantea desafíos importantes, pero también grandes oportunidades. Creo firmemente en el potencial de la economía de la longevidad —también llamada economía plateada— y en la urgencia de crear productos, servicios y oportunidades laborales que respondan a las necesidades de una población que vive más y quiere vivir mejor.

Mi propósito es resignificar el valor del talento senior: activar conversaciones, generar conciencia y facilitar transiciones profesionales con sentido. Acompaño a líderes, ejecutivos senior, emprendedores y familias empresarias a reconectar con su propósito, reorientar su experiencia y desplegar su poder de acción para lograr resultados con impacto y sentido. Además, diseño y dicto talleres de sensibilización y liderazgo enfocados en la inclusión generacional, la gestión de la diversidad etaria y el bienestar en contextos organizacionales.

Soy parte de la comunidad de aprendizaje del Instituto de Liderazgo Generativo LATAM, donde también acompaño como mentora. Me he formado en el Diplomado Internacional de la Nueva Longevidad y en el programa de Age Management in the Workplace. Participo activamente en foros internacionales y pertenezco a la Comunidad Latinoamericana de la Nueva Longevidad, así como al Ecosistema Plateado del Perú.

Creo en el valor de los equipos multigeneracionales, en el respeto por la trayectoria y en el bienestar como brújula. Porque vivir más tiempo no es suficiente: se trata de cómo elegimos vivirlo y con quiénes decidimos construir el futuro. Soy consciente de que el envejecimiento no es una etapa final, sino una fase larga y valiosa en el viaje de la vida."
"Dircelene","Mory Cornejo","https://www.linkedin.com/in/dircemory","Desarrollo de Negocios B2B & Alianzas Corporativas 🔝| Impacto Social | HRTech & SaaS | Innovación y Transformación Organizacional GDH 🎯 & Lifelong learning lover ❤️| LION +21K",,,,,,,,,,"PE","Peru",,"Peru","PE","Peru",,,"Peru","true",,"false","https://media.licdn.com/dms/image/v2/D561BAQFoUtZ0MG1Djw/company-background_10000/company-background_10000/0/1695152827771/talentlabgroup_cover?e=1779159600&v=beta&t=1lw7vzwdHbCY1zVWJc4tV3F7GOZhUxyszywC7AfShk4","191","https://media.licdn.com/dms/image/v2/D561BAQFoUtZ0MG1Djw/company-background_10000/company-background_10000/0/1695152827771/talentlabgroup_cover?e=1779159600&v=beta&t=1lw7vzwdHbCY1zVWJc4tV3F7GOZhUxyszywC7AfShk4","1128","67","https://media.licdn.com/dms/image/v2/D561BAQFoUtZ0MG1Djw/company-background_400/company-background_400/0/1695152827771/talentlabgroup_cover?e=1779159600&v=beta&t=F0iOk3IiTyltbhmBjsi-ApFYLmSZjiiHQnBZv2Mn5NY","400","33","https://media.licdn.com/dms/image/v2/D561BAQFoUtZ0MG1Djw/company-background_200/company-background_200/0/1695152827771/talentlabgroup_cover?e=1779159600&v=beta&t=thdV7a4HoQ5whTKxE2_18W7EPpQvF2rPeYNqq64wsgs","200","https://talentlab.group","We are passionate about people and we believe that we can build a better world of work if we unleash their potential, in order to evolve and transcend.","59","200","51","13108",,,,"2013",,"3502236","Professional Services > Business Consulting and Services > Human Resources Services","137","Human Resources","Human Resources Services","urn:li:fsd_industry:137","https://www.linkedin.com/jobs/search?geoId=92000000&f_C=3502236","https://www.linkedin.com/company/talentlabgroup/","Bogotá","CO",,,"false",,,"Bogotá","Colombia","CO","Colombia",,"Bogotá D.C.","Bogotá, Colombia",,"https://media.licdn.com/dms/image/v2/C4D0BAQG2vdAJMoIZBA/company-logo_400_400/company-logo_400_400/0/1630485368723/cultura_y_talento_a_la_medida_logo?e=1779926400&v=beta&t=Vwb2KxXakYiFzqaJbYNzxcL8iuQ4jGajj4-MjohHIyc","400","https://media.licdn.com/dms/image/v2/C4D0BAQG2vdAJMoIZBA/company-logo_400_400/company-logo_400_400/0/1630485368723/cultura_y_talento_a_la_medida_logo?e=1779926400&v=beta&t=Vwb2KxXakYiFzqaJbYNzxcL8iuQ4jGajj4-MjohHIyc","400","200","https://media.licdn.com/dms/image/v2/C4D0BAQG2vdAJMoIZBA/company-logo_200_200/company-logo_200_200/0/1630485368723/cultura_y_talento_a_la_medida_logo?e=1779926400&v=beta&t=3ym27gRUpCXULGGHajc7bjVlDnCCgX5IgQKPB3tcHj8","200","100","https://media.licdn.com/dms/image/v2/C4D0BAQG2vdAJMoIZBA/company-logo_100_100/company-logo_100_100/0/1630485368723/cultura_y_talento_a_la_medida_logo?e=1779926400&v=beta&t=WOngKKJRLB6HeST4-MoDO-2W1BmR-aiyq4TWgxlV11o","100","Talentlab Group","COMPANY","false",,,,"Estrategia Recursos Humanos","Administración del Cambio","Desarrollo organizacional","Evaluación y Desarrollo de talento","Trabajo Flexible","Trabajo Móvil","psicometría","assesments","diversity equity inclusion DEI","change management","agile","training","engagement","culture","cultura","talent development","human capital","recognition","learning","entrenamiento","coaching","evaluaciones 360","team buildings","hybrid and flexible working","agilidad","change management","agile","Organizational development","talent","career transitions","training","We ignite your potential","talentlabgroup","https://talentlab.group","3502236","https://www.linkedin.com/company/talentlabgroup/","400","https://media.licdn.com/dms/image/v2/C4D0BAQG2vdAJMoIZBA/company-logo_400_400/company-logo_400_400/0/1630485368723/cultura_y_talento_a_la_medida_logo?e=1779926400&v=beta&t=Vwb2KxXakYiFzqaJbYNzxcL8iuQ4jGajj4-MjohHIyc","400","200","https://media.licdn.com/dms/image/v2/C4D0BAQG2vdAJMoIZBA/company-logo_200_200/company-logo_200_200/0/1630485368723/cultura_y_talento_a_la_medida_logo?e=1779926400&v=beta&t=3ym27gRUpCXULGGHajc7bjVlDnCCgX5IgQKPB3tcHj8","200","100","https://media.licdn.com/dms/image/v2/C4D0BAQG2vdAJMoIZBA/company-logo_100_100/company-logo_100_100/0/1630485368723/cultura_y_talento_a_la_medida_logo?e=1779926400&v=beta&t=WOngKKJRLB6HeST4-MoDO-2W1BmR-aiyq4TWgxlV11o","100","https://media.licdn.com/dms/image/v2/C4D0BAQG2vdAJMoIZBA/company-logo_400_400/company-logo_400_400/0/1630485368723/cultura_y_talento_a_la_medida_logo?e=1779926400&v=beta&t=Vwb2KxXakYiFzqaJbYNzxcL8iuQ4jGajj4-MjohHIyc","Talentlab Group","talentlabgroup","•	Generación de nuevos negocios: Detección de nuevas necesidades en el mercado
•	Posicionamiento de la marca y sus servicios en el mercado local y regional.
•	Adquisición y fidelización de nuevos clientes y generación de relaciones de largo plazo con clientes actuales, socios y otros stakeholders clave.
•	Desarrollar y ejecutar estrategias de prospección enfocadas en clientes ideales (ICP).
•	Identificar y generar oportunidades de negocio con empresas en diversas industrias.
•	Gestionar el ciclo de ventas consultivas 360: Prospección, diagnóstico, análisis de necesidades, propuesta, negociación y cierre.
•	Diseñar soluciones personalizadas en GDH y Tech aplicada a RRHH.
•	Construir y fortalecer relaciones con tomadores de decisión y stakeholders clave.
•	Realizar presentaciones comerciales de alto impacto, alineadas a las necesidades del cliente.
•	Implementar estrategias de social selling y networking para potenciar la captación de clientes.
•	Analizar tendencias del mercado y detectar oportunidades de crecimiento estratégico.
•	Colaborar con equipos internos para asegurar una entrega eficiente de los servicios.
•	Medir y optimizar indicadores clave de desempeño comercial 
•	Participar en eventos, webinars y conferencias para posicionar la marca y generar leads.
•	Gestionar herramientas CRM para optimizar la trazabilidad del proceso comercial.
•	Implementar enfoques de ventas consultivas y soluciones basadas en data.
•	Desarrollar alianzas estratégicas con empresas y organizaciones clave.
•	Aportar insights y estrategias para la evolución de la propuesta de valor de","1 yr 3 mos",,"Present",,,"Corporate Growth Leader",,,,,,,,,,,,,,"Mar","Mar 2025","2025",,"21637","21973",,"Especialista en Desarrollo de Negocios, Alianzas Corporativas y Ventas Consultivas B2B/H2H con enfoque empresarial centrado en las personas con más de 15 años de experiencia liderando estrategias comerciales, generando oportunidades de negocio y consolidando relaciones corporativas de alto valor en sectores como Educación Superior, EdTech, HRTech, Consultoría en RRHH y Gestión del Talento Humano; mi experiencia me ha permitido construir una cartera sólida, fidelizada y sectorizada de clientes corporativos. 
  
Este capital relacional, junto con mi amplio expertise en B2B, me permite generar oportunidades de negocio y establecer alianzas corporativas estratégicas de alto valor.
  
A lo largo de mi trayectoria, he diseñado e implementado estrategias GTM (Go To-Market) y procesos comerciales end to end, impulsando el crecimiento sostenible de las organizaciones mediante la prospección estratégica, la gestión de cuentas clave, la construcción de pipeline/forecast y el análisis de indicadores comerciales (KPIs y OKRs).

Cuento con amplia experiencia en negociación, cierre de ventas, fidelización y postventa. Manejo diversos CRM y herramientas de IA aplicadas a prospección, gestión, desarrollo y análisis comercial.
  
Complemento mi trayectoria profesional con formaciones en Fundraising y una activa participación en iniciativas de voluntariado en organizaciones sociales vinculadas a la salud, la infancia y poblaciones vulnerables, contribuyendo al bienestar y desarrollo de la comunidad reafirmando mi compromiso con la sostenibilidad y la generación de valor compartido.
  
🎯 Me especializo en:
  
Desarrollo de Negocios y Ventas Consultivas B2B/H2H
Alianzas Corporativas, Convenios y Relaciones Institucionales 
Prospección Estratégica y Generación de Demanda 
Gestión de Cuentas Clave 
Gestión de Pipeline, forecast e indicadores comerciales
CRM e Inteligencia Comercial      
HRTech, EdTech, GDH, Transformación Organizacional, Educación Superior
Recaudación de recursos, Voluntariado & Responsabilidad Social Corporativa 
  
🌍 Intereses profesionales: Impacto Social, Sostenibilidad, Educación, RRHH y Voluntariado Corporativo.
  
📩 Abierta a conectar y generar alianzas con propósito."
"Alexander","B.","https://www.linkedin.com/in/alexanderbenitez-aprendizajeydesarrollo","HRBP | Executive & Team Coach | Instructional Designer | Talent Development | L&D | Upskilling & Reskilling | Change Management | Service Design",,,,,,,,,,"PE","Peru",,"Peru","PE","Peru",,,"Peru","true",,"false","https://media.licdn.com/dms/image/v2/D4E1BAQGW0njgfuB3mQ/company-background_10000/company-background_10000/0/1722891268978/profesional_independiente_chile_cover?e=1779159600&v=beta&t=CXqEtbpWRuIfY9lVULQk9sNVx97u35ntURPuHUNs0js","191","https://media.licdn.com/dms/image/v2/D4E1BAQGW0njgfuB3mQ/company-background_10000/company-background_10000/0/1722891268978/profesional_independiente_chile_cover?e=1779159600&v=beta&t=CXqEtbpWRuIfY9lVULQk9sNVx97u35ntURPuHUNs0js","1128","67","https://media.licdn.com/dms/image/v2/D4E1BAQGW0njgfuB3mQ/company-background_400/company-background_400/0/1722891268978/profesional_independiente_chile_cover?e=1779159600&v=beta&t=u7eayPfNW1UJ3yhKgsqaQWPBK7fVItLwfN7kHFC7l5c","400","33","https://media.licdn.com/dms/image/v2/D4E1BAQGW0njgfuB3mQ/company-background_200/company-background_200/0/1722891268978/profesional_independiente_chile_cover?e=1779159600&v=beta&t=Hv6UbvSf03Z66kfLi47aP-5edh5iIiMRgL7FcbNTXPY","200",,"Coaching ontológico al servicio de las personas y las organizaciones.","7980","200","51","1146",,,,"2016",,"104761389","Education > Professional Training and Coaching","105","Professional Training & Coaching","Professional Training and Coaching","urn:li:fsd_industry:105","https://www.linkedin.com/jobs/search?geoId=92000000&f_C=104761389","https://www.linkedin.com/company/profesional-independiente-chile/","Chile","CL","Sede","","true","","",,"Chile","CL","Chile",,,"Chile","","https://media.licdn.com/dms/image/v2/D4E0BAQHCz4aNZRbVWQ/company-logo_400_400/company-logo_400_400/0/1722890651458?e=1779926400&v=beta&t=TLG9bdfWMLO-ulVfCPaqy4KI6cYVXc1W2x7uNjj35qE","400","https://media.licdn.com/dms/image/v2/D4E0BAQHCz4aNZRbVWQ/company-logo_400_400/company-logo_400_400/0/1722890651458?e=1779926400&v=beta&t=TLG9bdfWMLO-ulVfCPaqy4KI6cYVXc1W2x7uNjj35qE","400","200","https://media.licdn.com/dms/image/v2/D4E0BAQHCz4aNZRbVWQ/company-logo_200_200/company-logo_200_200/0/1722890651458?e=1779926400&v=beta&t=9tYHccCZaDlDX30QqEnyk6goOZ7AOnMvoIBoGYQwfHc","200","100","https://media.licdn.com/dms/image/v2/D4E0BAQHCz4aNZRbVWQ/company-logo_100_100/company-logo_100_100/0/1722890651458?e=1779926400&v=beta&t=NRL-Pp3jsiWNYg9IQjbuUU7Srr2tzmcxtQu6m9Mmzbs","100","Profesional Independiente","COMPANY","false",,,"+56944359333","Coaching",,,,,,,,,,,,,,,,,,,,,,,,,,,,,,,"Un paréntesis para situarte fuera del mundo y reinventar el lugar que realmente quieres ocupar en él.","profesional-independiente-chile",,"104761389","https://www.linkedin.com/company/profesional-independiente-chile/","400","https://media.licdn.com/dms/image/v2/D4E0BAQHCz4aNZRbVWQ/company-logo_400_400/company-logo_400_400/0/1722890651458?e=1779926400&v=beta&t=TLG9bdfWMLO-ulVfCPaqy4KI6cYVXc1W2x7uNjj35qE","400","200","https://media.licdn.com/dms/image/v2/D4E0BAQHCz4aNZRbVWQ/company-logo_200_200/company-logo_200_200/0/1722890651458?e=1779926400&v=beta&t=9tYHccCZaDlDX30QqEnyk6goOZ7AOnMvoIBoGYQwfHc","200","100","https://media.licdn.com/dms/image/v2/D4E0BAQHCz4aNZRbVWQ/company-logo_100_100/company-logo_100_100/0/1722890651458?e=1779926400&v=beta&t=NRL-Pp3jsiWNYg9IQjbuUU7Srr2tzmcxtQu6m9Mmzbs","100","https://media.licdn.com/dms/image/v2/D4E0BAQHCz4aNZRbVWQ/company-logo_400_400/company-logo_400_400/0/1722890651458?e=1779926400&v=beta&t=TLG9bdfWMLO-ulVfCPaqy4KI6cYVXc1W2x7uNjj35qE","Profesional Independiente","profesional-independiente-chile","- Facilito procesos de Coaching Ejecutivo (presencial y online) orientados a que los líderes descubran sus talentos, fortalezcan su autoconfianza y conecten su gestión con un propósito trascendental.
- Acompaño a mandos medios y directivos en el desarrollo de un liderazgo consciente, utilizando herramientas de comportamiento para fomentar entornos de seguridad psicológica y confianza en los equipos.
- Brindo mentoría estratégica a líderes de formación y recursos humanos para el diseño de planes de aprendizaje disruptivos y la construcción de culturas de innovación.
- Conduzco talleres mediante LEGO® Serious Play® y aprendizaje experiencial, desbloqueando el pensamiento sistémico para resolver retos complejos de comunicación y efectividad colectiva.","5 mos",,"Present",,,"Coach Ejecutivo | Mentor de Liderazgo",,,,,,,,,,,,,,"Jan","Jan 2026","2026",,"5279","5658",,"Soy Alexander Benítez, especialista en Aprendizaje, Talento y Transformación Organizacional.
Diseño y facilito experiencias de aprendizaje que impulsan el desarrollo sostenible de personas, equipos y culturas, integrando estrategia, comportamiento, tecnología y cambio.

Cuento con más de 13 años de experiencia en gestión del talento, capacitación y procesos de negocio. Combino el rigor del diseño instruccional con enfoques como Service Design, Behavioral Design, Aprendizaje Experiencial, LEGO® Serious Play®, Metodologías Ágiles y Gestión del Cambio, para crear soluciones relevantes, humanas y orientadas al resultado.

Domino el diseño y la gestión integral de programas presenciales, virtuales y blended, incluyendo diseño instruccional avanzado, virtualización de cursos y administración pedagógica en Moodle, Blackboard y otros LMS corporativos. Desarrollo contenidos y entornos virtuales de aprendizaje con Articulate 360, iSpring Suite y Adobe Captivate, integrando IA para acelerar prototipos, personalizar experiencias y lograr interacciones significativas.

Como Coach Ejecutivo y de Equipos, facilito conversaciones y espacios de reflexión que fortalecen liderazgo, propósito y efectividad colectiva. Conduzco talleres y experiencias vivenciales en liderazgo, comunicación, cultura, train the trainer y competencias clave, integrando aprendizaje activo, coaching y pensamiento sistémico.

He liderado procesos esenciales de talento como mapas de talento, 9-Box, conversaciones de desarrollo y PDIs, análisis y diseño de puestos, planes de carrera, learning paths, academias internas, programas trainee y estrategias de upskilling. También diseño y conduzco la formación, certificación y acompañamiento de instructores internos, asegurando estándares pedagógicos y coherencia con la estrategia del negocio.

Mi enfoque integra estrategia, cultura y experiencia humana para convertir desafíos organizacionales en soluciones de aprendizaje medibles y sostenibles.

Me moviliza:
🎯 Diseñar experiencias de aprendizaje alineadas al negocio y al desarrollo humano.
🧭 Acompañar procesos de cambio desde la escucha, el coaching y la reflexión estratégica.
🧩 Conectar creatividad, agilidad y pensamiento sistémico para resolver retos complejos.

👉 Si deseas crear soluciones de aprendizaje de alto impacto o fortalecer talento y cultura, será un gusto conectar."
"Irene","Bajtner Nathan","https://www.linkedin.com/in/irebajtner","Headhunter Independiente | Senior Recruitment Specialist | Executive Search | Talent Acquisition | Career Coach | Outplacement | Empleabilidad | 🚀 Líder en Gestión del Talento | Psicoterapeuta TREC | Perú 🇵🇪",,"false","true","ibn.talentconsulting@gmail.com","true","true","100","valid","true","PE","Peru",,"Peru","PE","Peru",,,"Peru","true",,"false","https://media.licdn.com/dms/image/v2/D4E1BAQFhKMjWuKL54A/company-background_10000/B4EZcTUpPxHYAU-/0/1748375869649/ibn_talent_consulting_cover?e=1779159600&v=beta&t=jqwc9g2YRPjz9Gzlhwf7q-uJjj-RRvVtTCDcC4A0Q-U","600","https://media.licdn.com/dms/image/v2/D4E1BAQFhKMjWuKL54A/company-background_10000/B4EZcTUpPxHYAU-/0/1748375869649/ibn_talent_consulting_cover?e=1779159600&v=beta&t=jqwc9g2YRPjz9Gzlhwf7q-uJjj-RRvVtTCDcC4A0Q-U","2000","120","https://media.licdn.com/dms/image/v2/D4E1BAQFhKMjWuKL54A/company-background_400/B4EZcTUpPxHYAY-/0/1748375869649/ibn_talent_consulting_cover?e=1779159600&v=beta&t=G2qXJZdx57StaTg6xeWuZlDxOpGr3yGcpMOHIeWW4Lg","400","60","https://media.licdn.com/dms/image/v2/D4E1BAQFhKMjWuKL54A/company-background_200/B4EZcTUpPxHYAc-/0/1748375869649/ibn_talent_consulting_cover?e=1779159600&v=beta&t=ojC8bDHyd0LmYBzhTaIjLK51vL6yPW0QeQ8dvR1EO_g","200","https://www.linkedin.com/company/ibn-talent-consulting/services/request-proposal","Brindamos servicios de consultoría de Recursos Humanos. Somos especialistas en liderar procesos de reclutamiento y selección de personal de mandos intermedios y altas gerencias, executive search. ","1","1","0","1325",,,,"2025",,"107192938","Professional Services > Business Consulting and Services > Human Resources Services","137","Human Resources","Human Resources Services","urn:li:fsd_industry:137","https://www.linkedin.com/jobs/search?geoId=92000000&f_C=107192938","https://www.linkedin.com/company/ibn-talent-consulting/","Lima","PE",,"Lima","true",,,"Lima","Peru","PE","Peru",,"Lima","Lima, Peru",,"https://media.licdn.com/dms/image/v2/D4E0BAQGSB36QyCBaQw/company-logo_400_400/B4EZb6E7toHkAY-/0/1747952324946/ibn_talent_consulting_logo?e=1779926400&v=beta&t=MQiuCpTbkdaYj4YzQPr8MYob-x0d75QtirJg0uV2OFM","400","https://media.licdn.com/dms/image/v2/D4E0BAQGSB36QyCBaQw/company-logo_400_400/B4EZb6E7toHkAY-/0/1747952324946/ibn_talent_consulting_logo?e=1779926400&v=beta&t=MQiuCpTbkdaYj4YzQPr8MYob-x0d75QtirJg0uV2OFM","400","200","https://media.licdn.com/dms/image/v2/D4E0BAQGSB36QyCBaQw/company-logo_200_200/B4EZb6E7toHkAI-/0/1747952324946/ibn_talent_consulting_logo?e=1779926400&v=beta&t=SXqK0pvzIUnPIY1c6OoSSG8lvp732_w316GJ9_m5ctE","200","100","https://media.licdn.com/dms/image/v2/D4E0BAQGSB36QyCBaQw/company-logo_100_100/B4EZb6E7toHkAQ-/0/1747952324946/ibn_talent_consulting_logo?e=1779926400&v=beta&t=ebetetBQ68WAeRLx21BRvW1KlNCeh2SCROvBfRRGAlw","100","IBN Talent Consulting","COMPANY","false",,,"981572054","Selección de personal","Búsqueda de ejecutivos","Reclutamientodetalento","ExecutiveSearch","Headhunting","HRservices","EspecialistasEnRecursosHumanos","ReclutamientoySelecciónDePersonal","RecursosHumanos","HR",,,,,,,,,,,,,,,,,,,,,,"Consultoría de Recursos Humanos. Especialistas en selección de personal de mandos medios y altos. Executive search.","ibn-talent-consulting",,"107192938","https://www.linkedin.com/company/ibn-talent-consulting/","400","https://media.licdn.com/dms/image/v2/D4E0BAQGSB36QyCBaQw/company-logo_400_400/B4EZb6E7toHkAY-/0/1747952324946/ibn_talent_consulting_logo?e=1779926400&v=beta&t=MQiuCpTbkdaYj4YzQPr8MYob-x0d75QtirJg0uV2OFM","400","200","https://media.licdn.com/dms/image/v2/D4E0BAQGSB36QyCBaQw/company-logo_200_200/B4EZb6E7toHkAI-/0/1747952324946/ibn_talent_consulting_logo?e=1779926400&v=beta&t=SXqK0pvzIUnPIY1c6OoSSG8lvp732_w316GJ9_m5ctE","200","100","https://media.licdn.com/dms/image/v2/D4E0BAQGSB36QyCBaQw/company-logo_100_100/B4EZb6E7toHkAQ-/0/1747952324946/ibn_talent_consulting_logo?e=1779926400&v=beta&t=ebetetBQ68WAeRLx21BRvW1KlNCeh2SCROvBfRRGAlw","100","https://media.licdn.com/dms/image/v2/D4E0BAQGSB36QyCBaQw/company-logo_400_400/B4EZb6E7toHkAY-/0/1747952324946/ibn_talent_consulting_logo?e=1779926400&v=beta&t=MQiuCpTbkdaYj4YzQPr8MYob-x0d75QtirJg0uV2OFM","IBN Talent Consulting","ibn-talent-consulting","Fundé IBN con el propósito de ayudar a empresas a encontrar al talento ideal y asesorar a personas en su proceso de cambio laboral. 

Brindo el servicio de reclutamiento, evaluación y selección de personal de middle y top management para diversos clientes. Headhunter especializada en posiciones ejecutivas, medianas y altas gerencias. C-level. Executive Search.

También realizo programas de empleabilidad y recolocación laboral para personas interesadas en conseguir trabajo o recolocarse. Acompaño a profesionales en transición laboral a diseñar su CV, prepararse para entrevistas, mejorar su marca personal y ampliar su network para alcanzar su objetivo y conseguir ese nuevo puesto que se alinee con su vida actual.

#Headhunter #ExecutiveSearch #Recruiting #RecursosHumanos #CareerCoach #Consultora #Empleabilidad #Outplacement #HRServices","1 yr 1 mo","Self-employed","Present",,"Lima, Perú","Senior Recruitment Specialist and Headhunter / Career Coach - Founder of IBN Talent Consulting",,,,,,,,,,,,,,"May","May 2025","2025","Remote","17332","17760","Gestión de personas • Selección de personal • Capacitación • Cultura organizativa • Clima laboral","¡Bienvenid@ a mi perfil! 
Te invito a conocer mi emprendimiento personal: IBN Talent Consulting, Headhunter, Consultora de Recursos Humanos especializada en ayudar a empresas a conectar con el talento adecuado a través de un servicio de selección estratégico, humano y eficiente. Asimismo, ayudo como Asesora de Empleabilidad a personas en transición laboral a que puedan construir una carrera alineada con su propósito personal. 

Mis servicios:
Para empresas
- Headhunting estratégico de mediana y alta gerencia / Executive Search (C-level)
- Reclutamiento y selección de personal especializado, experiencia en una amplia variedad de sectores y niveles de posiciones, middle / senior - up.
- Evaluación de candidatos a través de entrevistas por competencias y evaluaciones psicotécnicas de personalidad, comportamiento, habilidades blandas, capacidad cognitiva, ética, liderazgo, etc y entrega de informes psicolaborales. 

Para personas
- Orientación profesional, identificamos tus metas
- Optimización de CV y cartas de presentación 
- Marca personal y perfil de LinkedIn
- Preparación para entrevistas
- Networking estratégico

Contacto: ibn.talentconsulting@gmail.com / +51 981572054

Mi perfil profesional 🎓:
* Psicóloga Organizacional y Clínica 
* Headhunter de mandos medios y altos (Gerencias, C-Level) / Executive Search
* Especialista en Gestión del Talento (Soft)
* Más de 10 años de experiencia liderando procesos de reclutamiento y selección de personal.
* Experiencia en diversos sectores: Consultoría de RRHH y Negocios, Finanzas, Tecnología, Minería, Aeronáutica, Retail, Industria, Arquitectura y Construcción, Hotelería, Educación, Entretenimiento.

Asimismo, he liderado el 360 del área de Personas; procesos de capacitación, inducción y desarrollo del talento, gestión de carrera, coaching, clima y cultura organizacional y responsabilidad social corporativa en empresas multinacionales y nacionales de servicios. También he supervisado las sub-áreas de compensaciones y beneficios, seguridad y salud en el trabajo y comunicación interna y externa. 

Mi formación abarca una Maestría en Dirección de Recursos Humanos, estudios como Coach Ejecutivo Sistémico y Terapeuta Cognitivo Conductual."
"Jacqueline ","Pázzara ","https://www.linkedin.com/in/jacquelinepazzara","Gerente de Talento Humano  • Retail Hard Discount • Transformación Cultural • Master en Dirección • Psicóloga • Coach Sistémico • Transformación Digital • Comunicación interna • Capacitación y Desarrollo",,,,,,,,,,"PE","Peru",,"Peru","PE","Peru",,,"Peru","true",,"false","https://media.licdn.com/dms/image/v2/D4E1BAQEXK6zcXjy8kA/company-background_10000/B4EZm6kPhyGcAU-/0/1759771687956/ajiles_per_s_a_c_tiendas_de_ahorro_3a_cover?e=1779159600&v=beta&t=2zGEze1jvX9pIEulhtj5n7MZqoRhKnQqFdiOeqAFuOI","191","https://media.licdn.com/dms/image/v2/D4E1BAQEXK6zcXjy8kA/company-background_10000/B4EZm6kPhyGcAU-/0/1759771687956/ajiles_per_s_a_c_tiendas_de_ahorro_3a_cover?e=1779159600&v=beta&t=2zGEze1jvX9pIEulhtj5n7MZqoRhKnQqFdiOeqAFuOI","1128","67","https://media.licdn.com/dms/image/v2/D4E1BAQEXK6zcXjy8kA/company-background_400/B4EZm6kPhyGcAY-/0/1759771687956/ajiles_per_s_a_c_tiendas_de_ahorro_3a_cover?e=1779159600&v=beta&t=iq4JCbqSQb4YSwhrcxLy4CeeZu31N4lx__6piG8GICE","400","33","https://media.licdn.com/dms/image/v2/D4E1BAQEXK6zcXjy8kA/company-background_200/B4EZm6kPhyGcAc-/0/1759771687956/ajiles_per_s_a_c_tiendas_de_ahorro_3a_cover?e=1779159600&v=beta&t=ZA9jtl2BV68FaDWJjJ2zpEd0fJmetr-gSUHMrpgLaJA","200",,"¡Bienvenid@ a nuestras Tiendas de Ahorro 3A 🧡🛒!

Nuestro propósito es brindar a la población peruana un acceso fácil y asequible a una amplia variedad de productos alimenticios, de limpieza, cuidado personal y otros de la mejor calidad. Gracias a nuestras marcas propias te ofrecemos los mejores precios de la ciudad ya que creemos firmemente en democratizar el acceso a productos de alta calidad a  toda la población peruana. 

Nuestro objetivo es que cada día más personas puedan acceder a productos que antes estaban fuera de su alcance, permitiéndoles mejorar su calidad de vida y satisfacer sus necesidades básicas de manera asequible. Y como venimos a crecer, nos enorgullece ser parte del progreso de nuestra comunidad, a través de la generación de diversos puestos de trabajo. 

Así mismo, guiados por nuestros valores fundamentales (ser emprendedores, ágiles, soñadores, apasionados, y con hermandad), estamos comprometidos con iniciativas que contribuyan a generar un impacto positivo en  el entorno que nos rodea. Nos esforzamos por mitigar el impacto de nuestras operaciones de manera sostenible, cuidando del medio ambiente y asegurando la viabilidad a largo plazo de nuestras operaciones. Cada acción reafirma nuestro compromiso con la responsabilidad social y económica, contribuyendo así al desarrollo integral de nuestras comunidades y al progreso colectivo del país.

Nuestra misión es ofrecer productos de alta calidad al mejor precio, al alcance de toda la población peruana, generando oportunidades de trabajo y desarrollo en la comunidad.

Nuestra visión es ser el líder en el sector retail, preferido por toda la población peruana por nuestra cercanía, sus productos de alta calidad al mejor precio y el excelente servicio que ofrecemos.","284","5000","1001","23103",,,,"2024",,"104261852","Retail","27","Retail","Retail","urn:li:fsd_industry:27","https://www.linkedin.com/jobs/search?geoId=92000000&f_C=104261852","https://www.linkedin.com/company/ajiles-per%C3%BA-s-a-c-tiendas-de-ahorro-3a/","Lima","PE","Sede",,"true",,,"Lima","Peru","PE","Peru",,"Lima","Lima, Peru",,"https://media.licdn.com/dms/image/v2/D4E0BAQEvjSDyo3GLvQ/company-logo_400_400/B4EZYml0xEHUAc-/0/1744404172856/ajiles_per_s_a_c_tiendas_de_ahorro_3a_logo?e=1779926400&v=beta&t=XOZVNJ8I5X-o9JVTCe5QAI_d2cQcJFe_bfhUDlTRHX0","400","https://media.licdn.com/dms/image/v2/D4E0BAQEvjSDyo3GLvQ/company-logo_400_400/B4EZYml0xEHUAc-/0/1744404172856/ajiles_per_s_a_c_tiendas_de_ahorro_3a_logo?e=1779926400&v=beta&t=XOZVNJ8I5X-o9JVTCe5QAI_d2cQcJFe_bfhUDlTRHX0","400","200","https://media.licdn.com/dms/image/v2/D4E0BAQEvjSDyo3GLvQ/company-logo_200_200/B4EZYml0xEHUAM-/0/1744404172856/ajiles_per_s_a_c_tiendas_de_ahorro_3a_logo?e=1779926400&v=beta&t=8xhgeMYZdKQTV0e_ENu0NyCdf9HyzlROQDuGOLUv9rs","200","100","https://media.licdn.com/dms/image/v2/D4E0BAQEvjSDyo3GLvQ/company-logo_100_100/B4EZYml0xEHUAU-/0/1744404172856/ajiles_per_s_a_c_tiendas_de_ahorro_3a_logo?e=1779926400&v=beta&t=PIy8zgrvucgQL8eJM1cnD2ucjd93_OA87aMEGQmKhlI","100","Tiendas de Ahorro 3A","COMPANY","false",,,,,,,,,,,,,,,,,,,,,,,,,,,,,,,,,,,"Ofrecemos productos de alta calidad al mejor precio, al alcance de todos los peruanos generando oportunidades de trabajo","ajiles-perú-s-a-c-tiendas-de-ahorro-3a",,"104261852","https://www.linkedin.com/company/ajiles-per%C3%BA-s-a-c-tiendas-de-ahorro-3a/","400","https://media.licdn.com/dms/image/v2/D4E0BAQEvjSDyo3GLvQ/company-logo_400_400/B4EZYml0xEHUAc-/0/1744404172856/ajiles_per_s_a_c_tiendas_de_ahorro_3a_logo?e=1779926400&v=beta&t=XOZVNJ8I5X-o9JVTCe5QAI_d2cQcJFe_bfhUDlTRHX0","400","200","https://media.licdn.com/dms/image/v2/D4E0BAQEvjSDyo3GLvQ/company-logo_200_200/B4EZYml0xEHUAM-/0/1744404172856/ajiles_per_s_a_c_tiendas_de_ahorro_3a_logo?e=1779926400&v=beta&t=8xhgeMYZdKQTV0e_ENu0NyCdf9HyzlROQDuGOLUv9rs","200","100","https://media.licdn.com/dms/image/v2/D4E0BAQEvjSDyo3GLvQ/company-logo_100_100/B4EZYml0xEHUAU-/0/1744404172856/ajiles_per_s_a_c_tiendas_de_ahorro_3a_logo?e=1779926400&v=beta&t=PIy8zgrvucgQL8eJM1cnD2ucjd93_OA87aMEGQmKhlI","100","https://media.licdn.com/dms/image/v2/D4E0BAQEvjSDyo3GLvQ/company-logo_400_400/B4EZYml0xEHUAc-/0/1744404172856/ajiles_per_s_a_c_tiendas_de_ahorro_3a_logo?e=1779926400&v=beta&t=XOZVNJ8I5X-o9JVTCe5QAI_d2cQcJFe_bfhUDlTRHX0","Tiendas de Ahorro 3A","ajiles-perú-s-a-c-tiendas-de-ahorro-3a","Como líder de Talento Humano en 3A, empresa retail de alto crecimiento y con una fuerza laboral joven y dinámica, impulso la construcción de una cultura organizacional sólida y sostenible. Mi rol se centra en alinear la gestión del talento con los objetivos de negocio, garantizando eficiencia operativa y desarrollo humano en un entorno de expansión acelerada.

-Diseño e implemento mallas de capacitación y planes de formación orientados a la productividad, la innovación y la retención de talento.
-Desarrollo e integro indicadores estratégicos de RRHH que fortalecen la toma de decisiones y optimizan la gestión del capital humano.
- Lidero procesos de selección masivos y especializados, asegurando la atracción de perfiles clave para el retail.
- Construyo estrategias de cultura organizacional y programas de reconocimiento, orientados al compromiso, el clima laboral y la fidelización del equipo.
-Aseguro el cumplimiento de la normativa laboral y de seguridad, integrando buenas prácticas que promueven bienestar y sostenibilidad.
-Reducción de la rotación de personal, asegurando el mejor talento.

🎯 Mi propósito es convertir al área de Talento Humano en un socio estratégico del negocio, capaz de acompañar el crecimiento exponencial de 3A, potenciar el talento de cada colaborador y generar un impacto positivo tanto en la operación como en la experiencia del cliente.","1 yr 2 mos","Full-time","Present",,"Lima, Peru","Gerente de Talento Humano",,,,,,,,,,,,,,"Apr","Apr 2025","2025","On-site","18210","19256",,"Master en Dirección y administración de Empresas - MBA. Líder de gestión humana con más de 10 años de experiencia corporativa en los sectores: industrial, retail, servicios y consultoría. Responsable de gestionar procesos de selección a todo nivel, programas de capacitación, comunicación, clima y desarrollo, así como liderazgo de equipos multidisciplinarios. Manejo indicadores de gestión de, talento, planificación estratégica e implementación de programas de recursos humanos."
"Percy","Lucich Osorio","https://www.linkedin.com/in/percy-lucich-osorio","Especialista en Inteligencia Emocional e Inteligencia Artificial aplicadas a la Educación /
Desarrollo de Competencias Socioemocionales en Docentes / 
Conferencista y Catedrático / 
Coach Sistémico Profesional /",,"false","true","percy.lucich@upc.edu.pe",,"false","90","valid","true","PE","Peru",,"Peru","PE","Peru",,,"Peru",,,,,,,,,,,,,,,,,,,,,,,,,,,,,,,,,,,,,,,,,,,,,,,,,,,,,,,,,,,,,,,,,,,,,,,,,,,,,,,,,,,,,,,,,,,,,,,,,,,"https://www.linkedin.com/search/results/all/?keywords=Coach+consultor+y+conferencista+independiente",,,,,,,,,,,"Coach consultor y conferencista independiente",,,"21 yrs 5 mos","Freelance","Present",,"En todo el Perú y Sudamérica","Propietario de Factor Humano Perú",,"Coaching","Formación y desarrollo","Educación","Liderazgo","Presentaciones en conferencias",,,,,,,,"Jan","Jan 2005","2005",,"7915","8247","Liderazgo de equipos • Liderazgo • Formación y desarrollo • Coaching","Educador, Consultor, Coach y Conferencista con más de 20 años de experiencia a nivel nacional e internacional en temas de Coaching, Habilidades Blandas, Liderazgo, Comunicación efectiva Motivación, Formación de equipos de alto rendimiento y Educación Básica y Superior. Magíster en Integración e Innovación Educativa de las Tecnologías de la Información y Comunicación.  Certificado como Coach Sistémico por Coaching and Mentoring Center (Escuela de Postgrado de la UPC) - MORE Global Solutions (México) asociado a la ICF (International Coaching Federation). Con más de 5 años de experiencia en la dirección de programas de liderazgo, así como en el diseño y realización de procesos de Coaching individual y ejecutivo.  Actualmente, gerente de la consultora FACTOR HUMANO PERÚ COACHING & CONSULTING S.A.C., catedrático universitario en PUCP y UPC, y consultor educativo del Ministerio de Educación.

 Alo largo de mi experiencia he comprendido algo clave:
 los problemas más complejos en el aula no son pedagógicos, son emocionales.
 
Trabajo acompañando a instituciones educativas, directivos y docentes a:
 
✔ Fortalecer su autoconocimiento y gestión emocional
 ✔ Mejorar el clima de aula y la convivencia escolar
 ✔ Desarrollar habilidades como empatía, autorregulación y comunicación efectiva
 ✔ Transformar su práctica docente desde una mirada más humana y consciente
 
Creo firmemente que no podemos transformar la educación
 si no transformamos primero la forma en que nos relacionamos."
"Arturo","Reyes, PCC ICF","https://www.linkedin.com/in/coach-arturo-reyes-moquillaza","Presidente ICF Perú, Mentor Coach PCC ICF, Master PNL Coach, CEO & Fouder RHL Global School (Escuela de Coaching)",,,,,,,,,,"PE","Peru",,"Peru","PE","Peru",,,"Peru","true",,"false","https://media.licdn.com/dms/image/v2/D4E1BAQH0Ny2x1kMDjg/company-background_10000/company-background_10000/0/1704644670615/icf_peru_cover?e=1779159600&v=beta&t=BlpyzYVrcDFk-L01jxKF4Iqbdji4U1N_3TkpvgGrsz4","396","https://media.licdn.com/dms/image/v2/D4E1BAQH0Ny2x1kMDjg/company-background_10000/company-background_10000/0/1704644670615/icf_peru_cover?e=1779159600&v=beta&t=BlpyzYVrcDFk-L01jxKF4Iqbdji4U1N_3TkpvgGrsz4","1584","100","https://media.licdn.com/dms/image/v2/D4E1BAQH0Ny2x1kMDjg/company-background_400/company-background_400/0/1704644670615/icf_peru_cover?e=1779159600&v=beta&t=6pRx4X5TA4ylirlGANgQDOTTLnBAFHunXbnLDGE2JTk","400","50","https://media.licdn.com/dms/image/v2/D4E1BAQH0Ny2x1kMDjg/company-background_200/company-background_200/0/1704644670616/icf_peru_cover?e=1779159600&v=beta&t=0PzYxtgU72QCTr2CaqsEJyPkKwPAwqJRDtLEfU676RY","200","https://www.facebook.com/icfperuoficial","La ICF ( Federación Internacional de Coaching ) es la más grande agrupación de coaches en el mundo con más de 25.000 miembros y más de 15.500 credencializados globales. ","10","50","11","2286",,,,,,"10109226","Education > Professional Training and Coaching","105","Professional Training & Coaching","Professional Training and Coaching","urn:li:fsd_industry:105","https://www.linkedin.com/jobs/search?geoId=92000000&f_C=10109226","https://www.linkedin.com/company/icf-peru/","Lima","PE","ICF","Lima","true",,,"Lima","Peru","PE","Peru",,"Lima","Lima, Peru",,"https://media.licdn.com/dms/image/v2/D4E0BAQHPiFjK8kNl1Q/company-logo_400_400/company-logo_400_400/0/1704645023459?e=1779926400&v=beta&t=pJUFudZn1FEE3shsjSbb5JpMRSla6kXW-hnnCFQvgNM","400","https://media.licdn.com/dms/image/v2/D4E0BAQHPiFjK8kNl1Q/company-logo_400_400/company-logo_400_400/0/1704645023459?e=1779926400&v=beta&t=pJUFudZn1FEE3shsjSbb5JpMRSla6kXW-hnnCFQvgNM","400","200","https://media.licdn.com/dms/image/v2/D4E0BAQHPiFjK8kNl1Q/company-logo_200_200/company-logo_200_200/0/1704645023459?e=1779926400&v=beta&t=Acla3Dp3ZR-wRkZvCPCf--Z-HZW8_JqqNRaGYMlY3rU","200","100","https://media.licdn.com/dms/image/v2/D4E0BAQHPiFjK8kNl1Q/company-logo_100_100/company-logo_100_100/0/1704645023459?e=1779926400&v=beta&t=ReqmdAOD0aIKuID3XKt47xeEdt1DJNHg_igQHf-TyOs","100","ICF Perú 🇵🇪","COMPANY","false",,,,"coaching","formación profesional",,,,,,,,,,,,,,,,,,,,,,,,,,,,,,"¡Creciendo juntos en el coaching!","icf-peru","https://www.facebook.com/icfperuoficial","10109226","https://www.linkedin.com/company/icf-peru/","400","https://media.licdn.com/dms/image/v2/D4E0BAQHPiFjK8kNl1Q/company-logo_400_400/company-logo_400_400/0/1704645023459?e=1779926400&v=beta&t=pJUFudZn1FEE3shsjSbb5JpMRSla6kXW-hnnCFQvgNM","400","200","https://media.licdn.com/dms/image/v2/D4E0BAQHPiFjK8kNl1Q/company-logo_200_200/company-logo_200_200/0/1704645023459?e=1779926400&v=beta&t=Acla3Dp3ZR-wRkZvCPCf--Z-HZW8_JqqNRaGYMlY3rU","200","100","https://media.licdn.com/dms/image/v2/D4E0BAQHPiFjK8kNl1Q/company-logo_100_100/company-logo_100_100/0/1704645023459?e=1779926400&v=beta&t=ReqmdAOD0aIKuID3XKt47xeEdt1DJNHg_igQHf-TyOs","100","https://media.licdn.com/dms/image/v2/D4E0BAQHPiFjK8kNl1Q/company-logo_400_400/company-logo_400_400/0/1704645023459?e=1779926400&v=beta&t=pJUFudZn1FEE3shsjSbb5JpMRSla6kXW-hnnCFQvgNM","ICF Perú","icf-peru",,"2 yrs 1 mo","Full-time","Present","b100af41a7a2bcfbe9125a65641a8865a7481a6d","Lima, Peru","Presidente ICF Perú ",,,,,,,,,,,,,,"May","May 2024","2024",,"537","727",,"Mentor Coach Internacional PCC, ICF - International Coach Federation. Director y Coach Instructor de la Escuela Internacional de Coaching Profesional y Liderazgo RHL GLOBAL SCHOOL. Professional Coach EIDHI International University-USA. Gestor de Trasformacción por Neurocompany avalado por el Institute of Neurocoaching de España. Diploma de Especialización del Programa de Coaching y Consultoría por la Universidad URP. Profesional en Disciplinas Teológicas por la FTPCL. Con Especialización Internacional en Gestión y Liderazgo Estratégico por la UCV de Perú y la UCEL de Argentina. Docente de Filosofía, Humanidades y Teología. Con estudios de Marketing. Conferencista y Motivador Internacional. Ha tenido experiencia y realizado investigaciones en Liderazgo, Coaching Empresarial, Familiar y Educativo, Gestión del Talento Humano, Marketing, Tutoría y Orientación Escolar, Teología, Pastoral Familiar, Juvenil y Educativa. Con destacada participación en Radios y Televisoras de Perú y Bolivia. Dictó el 1er Seminario Internacional de Coaching Pastoral en Cochabamba-Bolivia en el año 2,013.

Creador a nivel mundial del COACHING PASTORAL. Presidente Global IPC (International Pastoral Coaching). CEO RHL (Red Haciendo Líderes). CEO RHL Global School. Director de Radio TV Haciendo Líderes. Ha sido Miembro de la Fraternidad Carcelaria del Perú, Coach y Facilitador de diversas instituciones. Prepara un Congreso Internacional de Coaching y Liderazgo.

Especialidades: Coaching y Consultoría; Liderazgo; Emprendimiento; Pastoral."
"Miriam Morote","Coach ICF - PCC","https://www.linkedin.com/in/coachmiriammorote","Speaker ITerapeuta Bienestar Emo.I Mentora en LiderazgoI Consultora DISC®I Trainer Firewalking®I Enlace País 🇵🇪y Líder Rama Cultura Maxwell Leadership® I Líder Regional de Educación ICFLatam®I Líder Bienestar WCeo Perú",,,,,,,,,,"PE","Peru",,"Peru","PE","Peru",,,"Peru","true",,"false","https://media.licdn.com/dms/image/v2/C4D1BAQG09aa2qODLhw/company-background_10000/company-background_10000/0/1646685200352/maxwellleadership_cover?e=1779159600&v=beta&t=-NGtOhSGohrjkNGna_JC1rUO44MYAY-DW5Gm8rzXS0o","191","https://media.licdn.com/dms/image/v2/C4D1BAQG09aa2qODLhw/company-background_10000/company-background_10000/0/1646685200352/maxwellleadership_cover?e=1779159600&v=beta&t=-NGtOhSGohrjkNGna_JC1rUO44MYAY-DW5Gm8rzXS0o","1128","67","https://media.licdn.com/dms/image/v2/C4D1BAQG09aa2qODLhw/company-background_400/company-background_400/0/1646685200352/maxwellleadership_cover?e=1779159600&v=beta&t=6keCSttrKrMJ2I4Grk1N7s-q8Nu5eXkeKgnSyYTnUMU","400","33","https://media.licdn.com/dms/image/v2/C4D1BAQG09aa2qODLhw/company-background_200/company-background_200/0/1646685200352/maxwellleadership_cover?e=1779159600&v=beta&t=RuouZRelN4hFe3aMBLWrruqTandbtbl1NtHfC9sjVpQ","200","https://go.maxwellleadership.com/talk?c=jmax-maxwell-online&jmtc=mlcom&jmta=build-a-business","Welcome to Maxwell Leadership®, where you will find all the tools and support you need to lead powerful, positive change through values-based leadership. If you’re ready to start or continue your journey to being the kind of leader others look up to, we’re here to help.","2390","200","51","113377",,,,,,"79989159","Education > Professional Training and Coaching","105","Professional Training & Coaching","Professional Training and Coaching","urn:li:fsd_industry:105","https://www.linkedin.com/jobs/search?geoId=92000000&f_C=79989159","https://www.linkedin.com/company/maxwellleadership/","Duluth ","US","Headquarters","Georgia ","true","2055 Sugarloaf Circle"," #100","Duluth","United States","US","United States of America",,"Minnesota","Duluth, MN, United States","30097","https://media.licdn.com/dms/image/v2/C4D0BAQGgLD-gJgCFsw/company-logo_400_400/company-logo_400_400/0/1646685011248?e=1779926400&v=beta&t=OeLD8suysOkDZlAGmCNNfX15oslk7b4DAevn2s4ilZA","400","https://media.licdn.com/dms/image/v2/C4D0BAQGgLD-gJgCFsw/company-logo_400_400/company-logo_400_400/0/1646685011248?e=1779926400&v=beta&t=OeLD8suysOkDZlAGmCNNfX15oslk7b4DAevn2s4ilZA","400","200","https://media.licdn.com/dms/image/v2/C4D0BAQGgLD-gJgCFsw/company-logo_200_200/company-logo_200_200/0/1646685011248?e=1779926400&v=beta&t=QX3YRKaaKslEd_wr-mBw4MaBQEEPgEoSir-8cA6SHTc","200","100","https://media.licdn.com/dms/image/v2/C4D0BAQGgLD-gJgCFsw/company-logo_100_100/company-logo_100_100/0/1646685011248?e=1779926400&v=beta&t=OJzDonacLVSOwXeJeNCUjaHypAYZvfua8ueR-DjNyMM","100","Maxwell Leadership","COMPANY","true",,,,,,,,,,,,,,,,,,,,,,,,,,,,,,,,,,,"Become the Leader You Were Born to Be.","maxwellleadership","https://www.maxwellleadership.com/","79989159","https://www.linkedin.com/company/maxwellleadership/","400","https://media.licdn.com/dms/image/v2/C4D0BAQGgLD-gJgCFsw/company-logo_400_400/company-logo_400_400/0/1646685011248?e=1779926400&v=beta&t=OeLD8suysOkDZlAGmCNNfX15oslk7b4DAevn2s4ilZA","400","200","https://media.licdn.com/dms/image/v2/C4D0BAQGgLD-gJgCFsw/company-logo_200_200/company-logo_200_200/0/1646685011248?e=1779926400&v=beta&t=QX3YRKaaKslEd_wr-mBw4MaBQEEPgEoSir-8cA6SHTc","200","100","https://media.licdn.com/dms/image/v2/C4D0BAQGgLD-gJgCFsw/company-logo_100_100/company-logo_100_100/0/1646685011248?e=1779926400&v=beta&t=OJzDonacLVSOwXeJeNCUjaHypAYZvfua8ueR-DjNyMM","100","https://media.licdn.com/dms/image/v2/C4D0BAQGgLD-gJgCFsw/company-logo_400_400/company-logo_400_400/0/1646685011248?e=1779926400&v=beta&t=OeLD8suysOkDZlAGmCNNfX15oslk7b4DAevn2s4ilZA","Maxwell Leadership","maxwellleadership",,"10 mos",,"Present","bb35d58aa9b405df41deac7d3f7daeb6a53db48d",,"Líder Rama de Cultura Maxwell Leadership",,,,,,,,,,,,,,"Aug","Aug 2025","2025",,"1241","2234",,"Con más de 14 años de trayectoria como coach, me especializo en potenciar el liderazgo y la inteligencia emocional en las organizaciones. Actualmente, desempeño un rol clave como Enlace País para Maxwell Leadership, donde mi misión es cultivar líderes transformacionales y elevar el bienestar corporativo. Además, soy parte del equipo de liderazgo en WomenCEOPeru, cuyo enfoque es el nutrir el desarrollo de mujeres directivas en el ámbito empresarial.

Mis competencias se centran en el desarrollo de profesionales que buscan resultados concretos en vida y trabajo, habilidades que aplico para crear programas de formación y desarrollo en recursos humanos. La colaboración y el trabajo en equipo son fundamentales en mi enfoque, y gracias a ello, hemos alcanzado metas significativas en el fortalecimiento del capital humano. Mi enfoque sistémico y mi experiencia en terapia del bienestar emocional son pilares en mi labor de consultoría y mentoría."
"Carlos Miguel","Caro Custodio","https://www.linkedin.com/in/carlosmiguelcaro","Papá de 07  | Director de Transportes y Cascos en Prevención y Control Ajustadores de Seguros | Fundador en Café Siniestro | Speaker",,,,,,,,,,"PE","Peru",,"Peru","PE","Peru",,,"Peru","true",,"false","https://media.licdn.com/dms/image/v2/D4E1BAQG-gWKxmejzPA/company-background_10000/B4EZk_oAvJGUAY-/0/1757709078973/rygespinosa_cover?e=1779159600&v=beta&t=RTjph4l8QEsQmfkSyE-MPtOaoMKCYGwiDNN-GmFn1mo","573","https://media.licdn.com/dms/image/v2/D4E1BAQG-gWKxmejzPA/company-background_10000/B4EZk_oAvJGUAY-/0/1757709078973/rygespinosa_cover?e=1779159600&v=beta&t=RTjph4l8QEsQmfkSyE-MPtOaoMKCYGwiDNN-GmFn1mo","3384","68","https://media.licdn.com/dms/image/v2/D4E1BAQG-gWKxmejzPA/company-background_400/B4EZk_oAvJGUAc-/0/1757709078973/rygespinosa_cover?e=1779159600&v=beta&t=AwTjmUJUYz17vGA-AkKc92cZWPhbBWYBdzlhRRE37tM","400","34","https://media.licdn.com/dms/image/v2/D4E1BAQG-gWKxmejzPA/company-background_200/B4EZk_oAvJGUAg-/0/1757709078973/rygespinosa_cover?e=1779159600&v=beta&t=r9r4L4a15NF9eTBXJaxVt_csl7Gm0mpTeRpbvFnNjLs","200","http://www.rygespinosa.com","R&G Espinosa, founded in 2006, is an international insurance and reinsurance adjustment firm. Based on its experience and specific knowledge of local markets, it has consolidated its leadership position for claims management in Mexico and Central America.

In 2012, with the establishment of R&G Espinosa Internacional Adjusters, LLC, headquartered in Miami, USA, the Company has expanded its services to all of Latin America, applying its recognized international standards. It is gradually increasing its client portfolio in Latin America’s countries. Due to that, Local offices are planned for opening. 

Focused on the principle of quality over quantity ideology, the Company has always managed to fulfill the highest quality standards the market demands today. This is evident in the response time to assignments, applied technical knowledge for attention in each loss and the quality of the reports, among others.","67","200","51","2537",,,,"2006",,"10553859","Financial Services > Insurance","42","Insurance","Insurance","urn:li:fsd_industry:42","https://www.linkedin.com/jobs/search?geoId=92000000&f_C=10553859","https://www.linkedin.com/company/rygespinosa/","South Miami","US",,"Florida","true","7800 SW 57th Ave","Suite 108","Miami","United States","US","United States of America",,"Florida","Miami, FL, United States","33143","https://media.licdn.com/dms/image/v2/D4E0BAQE_JCeLXZftdg/company-logo_400_400/B4EZjtYwsEIUAg-/0/1756329348921/rygespinosa_logo?e=1779926400&v=beta&t=NcgO9DUvlX_QeiFLqCn9dXq1zGej2fEE1ku9Bkxw2eE","400","https://media.licdn.com/dms/image/v2/D4E0BAQE_JCeLXZftdg/company-logo_400_400/B4EZjtYwsEIUAg-/0/1756329348921/rygespinosa_logo?e=1779926400&v=beta&t=NcgO9DUvlX_QeiFLqCn9dXq1zGej2fEE1ku9Bkxw2eE","400","200","https://media.licdn.com/dms/image/v2/D4E0BAQE_JCeLXZftdg/company-logo_200_200/B4EZjtYwsEIUAQ-/0/1756329348921/rygespinosa_logo?e=1779926400&v=beta&t=N7pXDA303Nu5SdczcSrRoyi3V9SLbek9rmutksBLBVw","200","100","https://media.licdn.com/dms/image/v2/D4E0BAQE_JCeLXZftdg/company-logo_100_100/B4EZjtYwsEIUAY-/0/1756329348921/rygespinosa_logo?e=1779926400&v=beta&t=aTxTKI9dwfQDsE05WhG3mj6ZdZXSmf82QxmsrZ0OBlg","100","R&G Espinosa International Adjusters","COMPANY","false",,,"+1 786 539 5217","Seguros","Propiedad e Ingeniería","Responsabilidad Civil y Líneas Financieras","Energía y Cuentas de Gobierno","Tecnología y automatización aplicable a la gestión de Siniestros",,,,,,,,,,,,,,,,,,,,,,,,,,,"Firma Internacional de Ajustes | Mercado de Seguros y Reaseguros | Más de 13 oficinas ","rygespinosa","http://www.rygespinosa.com","10553859","https://www.linkedin.com/company/rygespinosa/","400","https://media.licdn.com/dms/image/v2/D4E0BAQE_JCeLXZftdg/company-logo_400_400/B4EZjtYwsEIUAg-/0/1756329348921/rygespinosa_logo?e=1779926400&v=beta&t=NcgO9DUvlX_QeiFLqCn9dXq1zGej2fEE1ku9Bkxw2eE","400","200","https://media.licdn.com/dms/image/v2/D4E0BAQE_JCeLXZftdg/company-logo_200_200/B4EZjtYwsEIUAQ-/0/1756329348921/rygespinosa_logo?e=1779926400&v=beta&t=N7pXDA303Nu5SdczcSrRoyi3V9SLbek9rmutksBLBVw","200","100","https://media.licdn.com/dms/image/v2/D4E0BAQE_JCeLXZftdg/company-logo_100_100/B4EZjtYwsEIUAY-/0/1756329348921/rygespinosa_logo?e=1779926400&v=beta&t=aTxTKI9dwfQDsE05WhG3mj6ZdZXSmf82QxmsrZ0OBlg","100","https://media.licdn.com/dms/image/v2/D4E0BAQE_JCeLXZftdg/company-logo_400_400/B4EZjtYwsEIUAg-/0/1756329348921/rygespinosa_logo?e=1779926400&v=beta&t=NcgO9DUvlX_QeiFLqCn9dXq1zGej2fEE1ku9Bkxw2eE","R&G Espinosa International Adjusters","rygespinosa","Responsable del desarrollo técnico y comercial de la Línea de Negocio de Marine para todas las oficinas de R&G Espinosa International Adjusters a nivel regional.","8 mos","Full-time","Present",,"Peru","Director Regional de Marine",,"Gestion de riesgos","Transporte marítimo","Siniestros","Investigación de reclamaciones","Gestión integrada de la cadena de suministro",,,,,,,,"Oct","Oct 2025","2025","Hybrid","15865","17888",,"Con una trayectoria dedicada al manejo de siniestros en el sector marítimo y de transporte, lidero el departamento de Transportes y Cascos de Prevención & Control Ajustadores de Seguros con la misión de fortalecer la competitividad de la industria. Nuestro equipo facilita la prevención, respuesta y recuperación ante siniestros, contribuyendo así a la continuidad del comercio global.

Aporto mi experiencia en la atención de siniestros marítimos y de transportes, con un enfoque en la anticipación y adaptación frente a los riesgos gracias a mis certificaciones en gestión de riesgos de cadena de suministros.

Como miembro del John Maxwell´s Team, también me dedico a capacitar y formar profesionales, empoderando a las empresas para navegar desafíos con visión y resiliencia estratégica."
"BARBARA","WONG","https://www.linkedin.com/in/bárbarawong","Diseño y facilito escuelas de Liderazgo y Soft Skills, en entornos presenciales y virtuales. Gestora de Felicidad, Coach en MotivAction and Happiness to Work, CEO en @Comtacto Corp.",,,,,,,,,,"PE","Trujillo Metropolitan Area","Trujillo","Peru","PE","Peru",,"La Libertad","Trujillo, Peru","true",,"false","https://media.licdn.com/dms/image/v2/D561BAQHv9o7xhi3F5A/company-background_10000/company-background_10000/0/1719270926905/motivaction_and_happiness_to_work_cover?e=1779159600&v=beta&t=qm8SlQFQrxP2Cn9enXJIFm85jQKjaxTtUMJgyz5FC7Q","191","https://media.licdn.com/dms/image/v2/D561BAQHv9o7xhi3F5A/company-background_10000/company-background_10000/0/1719270926905/motivaction_and_happiness_to_work_cover?e=1779159600&v=beta&t=qm8SlQFQrxP2Cn9enXJIFm85jQKjaxTtUMJgyz5FC7Q","1128","67","https://media.licdn.com/dms/image/v2/D561BAQHv9o7xhi3F5A/company-background_400/company-background_400/0/1719270572218/motivaction_and_happiness_to_work_cover?e=1779159600&v=beta&t=kx59hk7C56xefDeus-yBDjhetsL3x6tHgo_hkJV5CvI","400","33","https://media.licdn.com/dms/image/v2/D561BAQHv9o7xhi3F5A/company-background_200/company-background_200/0/1719271247599/motivaction_and_happiness_to_work_cover?e=1779159600&v=beta&t=8-tl3kaDCeiYbkCHu2bAP_BPxTNNqdYPk-HxQJrZRZA","200","https://wa.link/xxypdk","Somos un programa de servicios creado para desarrollar líderes, equipos y culturas felices, productivas e innovadoras. Construimos soluciones a partir del coaching, la comunicación estratégica, la gestión del bienestar, cultura y felicidad.","2","10","2","117",,,,,,"102993411","Professional Services > Business Consulting and Services","11","Management Consulting","Business Consulting and Services","urn:li:fsd_industry:11","https://www.linkedin.com/jobs/search?geoId=92000000&f_C=102993411","https://www.linkedin.com/company/motivaction-and-happiness-to-work/","Trujillo","PE","Sede","Trujillo","true",,,"Trujillo","Peru","PE","Peru",,"La Libertad","Trujillo, Peru",,"https://media.licdn.com/dms/image/v2/D560BAQGdYSCcaJL8Zw/company-logo_400_400/company-logo_400_400/0/1719256913781/motivaction_and_happiness_to_work_logo?e=1779926400&v=beta&t=TWFpPTCtvWNEsyGQ0oeqrv1WVGpLb4l1vR54VYQCZvU","400","https://media.licdn.com/dms/image/v2/D560BAQGdYSCcaJL8Zw/company-logo_400_400/company-logo_400_400/0/1719256913781/motivaction_and_happiness_to_work_logo?e=1779926400&v=beta&t=TWFpPTCtvWNEsyGQ0oeqrv1WVGpLb4l1vR54VYQCZvU","400","200","https://media.licdn.com/dms/image/v2/D560BAQGdYSCcaJL8Zw/company-logo_200_200/company-logo_200_200/0/1719256087756/motivaction_and_happiness_to_work_logo?e=1779926400&v=beta&t=Ef8M23fN7JSve1YL-qzrZQiGEpbsgzUlSZrvWgIkgio","200","100","https://media.licdn.com/dms/image/v2/D560BAQGdYSCcaJL8Zw/company-logo_100_100/company-logo_100_100/0/1719257457591/motivaction_and_happiness_to_work_logo?e=1779926400&v=beta&t=qNDWcWvOpwMUx-76NBjnmIhABdXYgVvLkkpUttVpdi0","100","MOTIVACTION AND HAPPINESS TO WORK","COMPANY","false",,,"986737403",,,,,,,,,,,,,,,,,,,,,,,,,,,,,,,,"Desarrollamos líderes y culturas felices.","motivaction-and-happiness-to-work","www.comtactocorp.com","102993411","https://www.linkedin.com/company/motivaction-and-happiness-to-work/","400","https://media.licdn.com/dms/image/v2/D560BAQGdYSCcaJL8Zw/company-logo_400_400/company-logo_400_400/0/1719256913781/motivaction_and_happiness_to_work_logo?e=1779926400&v=beta&t=TWFpPTCtvWNEsyGQ0oeqrv1WVGpLb4l1vR54VYQCZvU","400","200","https://media.licdn.com/dms/image/v2/D560BAQGdYSCcaJL8Zw/company-logo_200_200/company-logo_200_200/0/1719256087756/motivaction_and_happiness_to_work_logo?e=1779926400&v=beta&t=Ef8M23fN7JSve1YL-qzrZQiGEpbsgzUlSZrvWgIkgio","200","100","https://media.licdn.com/dms/image/v2/D560BAQGdYSCcaJL8Zw/company-logo_100_100/company-logo_100_100/0/1719257457591/motivaction_and_happiness_to_work_logo?e=1779926400&v=beta&t=qNDWcWvOpwMUx-76NBjnmIhABdXYgVvLkkpUttVpdi0","100","https://media.licdn.com/dms/image/v2/D560BAQGdYSCcaJL8Zw/company-logo_400_400/company-logo_400_400/0/1719256913781/motivaction_and_happiness_to_work_logo?e=1779926400&v=beta&t=TWFpPTCtvWNEsyGQ0oeqrv1WVGpLb4l1vR54VYQCZvU","MOTIVACTION AND HAPPINESS TO WORK","motivaction-and-happiness-to-work","Consultoría para Medir, Gestionar y Activar Felicidad Laboral.
Programas de liderazgo y entrenamiento de habilidades personales - soft skills-
Desarrollamos líderes, organizaciones y clientes felices, a través de Coaching, Comunicación y Gestión Humana.","6 yrs 9 mos","Freelance","Present",,"Perú","Coach de liderazgo",,"Formación","Coaching","Planificación de proyectos","Formación y desarrollo","Gestión del talento","Desarrollo de liderazgo",,,,,,,"Sep","Sep 2019","2019",,"2718","3275",,"Coach certificada por HCN (Human Coaching Network) e ICI (International  Association of COACHING Institutes), Maestría en Administración con mención en Recursos Humanos (UPAO), Mg. en Gestión Turística Sostenible (Universidad de León (España), Comunicadora Social (Universidad de Lima). 

Gerente de Comtacto Corp. Directora de MotivAction and Happiness to Work y los Programas: Coaching y Orientación Vocacional DECIDE TU FUTURO y EMPRENDE TU SUEÑO.
Experiencia como Directora de Carrera de Ciencias de la Comunicación en UPN (Universidad Privada del Norte) por más de 6 años, Gerente de la Organización de Gestión de Destino Noramazónica, Coordinadora de la Ruta Moche por La Libertad para OGD Nor Amazónica y Ministerio de Comercio Exterior y Turismo. Consultora en comunicación e imagen corporativa, planificación estratégica y diseño de productos turísticos; Diseño y desarrollo de competencias -Soft Skills- para escuelas de líderes empresariales, y educadores; docente universitaria por más de 17 años en entornos presenciales y virtuales.

Clientes de referencia: Trupal S.A., Técnica Avícola S.A., Grupo Rocío, Hortifrut, Caja Trujillo, Everis, Danper, Sol de Laredo, Agencia B12- ex Grupo Telestant, Razzeto, Grupo RPP, Conservación Internacional, Fundación Wiesse, Swisscontact, Promperú, Ministerio de Comercio Exterior y Turismo, Gerencia Regional de Educación La Libertad, Gerencia Regional de Turismo de La Libertad, Municipalidad distrital de Pacasmayo, PIAR, World Visión, Trujillo ¡Ahora!, Universidades: San Martín de Porres (USMP), Privada del Norte (UPN), Señor de Sipán (USS), Nacional de Trujillo (UNT), entre otras.

Estoy convencida de que nuestro mundo requiere de personas sensibles, responsables y comprometidas en todas sus dimensiones. Emprendo retos que apuestan por un mundo más feliz, a través del desarrollo del liderazgo, porque creo que personas y organizaciones felices generarán relaciones y espacios más empáticos, solidarios, empoderados, optimistas, cooperativos..., donde el aprendizaje y mejoramiento continuo sea un hábito colectivo. "
