"firstName","lastName","linkedinUrl","headline","emails","emails/0/catchAllDomain","emails/0/deliverable","emails/0/email","emails/0/foundInLinkedInProfile","emails/0/free","emails/0/qualityScore","emails/0/status","emails/0/validEmailServer","location/countryCode","location/linkedinText","location/parsed/city","location/parsed/country","location/parsed/countryCode","location/parsed/countryFull","location/parsed/regionCode","location/parsed/state","location/parsed/text","currentPosition/0/company/active","currentPosition/0/company/announcement","currentPosition/0/company/autoGenerated","currentPosition/0/company/backgroundCover","currentPosition/0/company/backgroundCovers/0/height","currentPosition/0/company/backgroundCovers/0/url","currentPosition/0/company/backgroundCovers/0/width","currentPosition/0/company/backgroundCovers/1/height","currentPosition/0/company/backgroundCovers/1/url","currentPosition/0/company/backgroundCovers/1/width","currentPosition/0/company/backgroundCovers/2/height","currentPosition/0/company/backgroundCovers/2/url","currentPosition/0/company/backgroundCovers/2/width","currentPosition/0/company/callToActionUrl","currentPosition/0/company/description","currentPosition/0/company/employeeCount","currentPosition/0/company/employeeCountRange","currentPosition/0/company/employeeCountRange/end","currentPosition/0/company/employeeCountRange/start","currentPosition/0/company/followerCount","currentPosition/0/company/foundedOn","currentPosition/0/company/foundedOn/day","currentPosition/0/company/foundedOn/month","currentPosition/0/company/foundedOn/year","currentPosition/0/company/fundingData","currentPosition/0/company/id","currentPosition/0/company/industries/0/hierarchy","currentPosition/0/company/industries/0/id","currentPosition/0/company/industries/0/name","currentPosition/0/company/industries/0/title","currentPosition/0/company/industries/0/urn","currentPosition/0/company/jobSearchUrl","currentPosition/0/company/linkedinUrl","currentPosition/0/company/location/city","currentPosition/0/company/location/country","currentPosition/0/company/location/description","currentPosition/0/company/location/geographicArea","currentPosition/0/company/location/headquarter","currentPosition/0/company/location/line1","currentPosition/0/company/location/line2","currentPosition/0/company/location/parsed/city","currentPosition/0/company/location/parsed/country","currentPosition/0/company/location/parsed/countryCode","currentPosition/0/company/location/parsed/countryFull","currentPosition/0/company/location/parsed/regionCode","currentPosition/0/company/location/parsed/state","currentPosition/0/company/location/parsed/text","currentPosition/0/company/location/postalCode","currentPosition/0/company/logo","currentPosition/0/company/logos/0/height","currentPosition/0/company/logos/0/url","currentPosition/0/company/logos/0/width","currentPosition/0/company/logos/1/height","currentPosition/0/company/logos/1/url","currentPosition/0/company/logos/1/width","currentPosition/0/company/logos/2/height","currentPosition/0/company/logos/2/url","currentPosition/0/company/logos/2/width","currentPosition/0/company/name","currentPosition/0/company/pageType","currentPosition/0/company/pageVerified","currentPosition/0/company/phone","currentPosition/0/company/phone/extension","currentPosition/0/company/phone/number","currentPosition/0/company/specialities/0","currentPosition/0/company/specialities/1","currentPosition/0/company/specialities/2","currentPosition/0/company/specialities/3","currentPosition/0/company/specialities/4","currentPosition/0/company/specialities/5","currentPosition/0/company/specialities/6","currentPosition/0/company/specialities/7","currentPosition/0/company/specialities/8","currentPosition/0/company/tagline","currentPosition/0/company/universalName","currentPosition/0/company/website","currentPosition/0/companyId","currentPosition/0/companyLinkedinUrl","currentPosition/0/companyLogo","currentPosition/0/companyLogo/sizes/0/height","currentPosition/0/companyLogo/sizes/0/url","currentPosition/0/companyLogo/sizes/0/width","currentPosition/0/companyLogo/sizes/1/height","currentPosition/0/companyLogo/sizes/1/url","currentPosition/0/companyLogo/sizes/1/width","currentPosition/0/companyLogo/sizes/2/height","currentPosition/0/companyLogo/sizes/2/url","currentPosition/0/companyLogo/sizes/2/width","currentPosition/0/companyLogo/url","currentPosition/0/companyName","currentPosition/0/companyUniversalName","currentPosition/0/description","currentPosition/0/duration","currentPosition/0/employmentType","currentPosition/0/endDate/text","currentPosition/0/experienceGroupId","currentPosition/0/location","currentPosition/0/position","currentPosition/0/skills","currentPosition/0/skills/0","currentPosition/0/skills/1","currentPosition/0/skills/2","currentPosition/0/skills/3","currentPosition/0/skills/4","currentPosition/0/skills/5","currentPosition/0/skills/6","currentPosition/0/skills/7","currentPosition/0/skills/8","currentPosition/0/startDate/month","currentPosition/0/startDate/text","currentPosition/0/startDate/year","currentPosition/0/workplaceType","connectionsCount","followerCount","topSkills","about"
"PscWilliamsGonzales","Perú-Lima","https://www.linkedin.com/in/pscwilliamsgonzales","Psicologo",,,,,,,,,,"PE","Peru",,"Peru","PE","Peru",,,"Peru",,,,,,,,,,,,,,,,,,,,,,,,,,,,,,,,,,,,,,,,,,,,,,,,,,,,,,,,,,,,,,,,,,,,,,,,,,,,,,"https://www.linkedin.com/search/results/all/?keywords=CSMC+CARHUAMAYO",,,,,,,,,,,,"CSMC CARHUAMAYO",,,"5 yrs 3 mos","Full-time","Present",,"Junín, Perú","Psicólogo clínico",,,,,,,,,,,"Mar","Mar 2021","2021",,"220","228",,"Frente a los problemas que puedan estar afectando a la dinámica de la relación de pareja y/o familia, puedes solicitar tu primera cita donde te escucharemos e intentaremos orientarte, nos adaptamos a tus necesidades y a tus horarios. Las sesiones pueden darse  en tu domicilio o donde tú quieras con la finalidad de adaptarnos a tu ritmo de vida, de esta manera hacemos más accesible la psicología a las necesidades de los miembros de la familia a través de sesiones individuales o familiares. 

Solicita tu cita por whatsapp  943844648
"
"Gonzalo Antonio","Buendia Gutiérrez","https://www.linkedin.com/in/gonzalobuendia","Psicología clínica aplicada | Evaluación neuropsicológica | Análisis de Datos Clínicos | Diseño de herramientas digitales para intervención y seguimiento | Interés en toma de decisiones en salud y visita médica",,,,,,,,,,"PE","Peru",,"Peru","PE","Peru",,,"Peru",,,,,,,,,,,,,,,,,,,,,,,,,,,,,,,,,,,,,,,,,,,,,,,,,,,,,,,,,,,,,,,,,,,,,,,,,,,,,,"https://www.linkedin.com/search/results/all/?keywords=Centro+M%C3%A9dico+-+Cooperativa+de+servicios+m%C3%BAltiples+PNP",,,,,,,,,,,,"Centro Médico - Cooperativa de servicios múltiples PNP",,"
• Evaluación psicológica y neurocognitiva en población infantil, adulta y adulta mayor, con énfasis en análisis funcional del rendimiento y conducta.
• Formulación clínica basada en evidencia, integrando factores cognitivos, emocionales y conductuales en la comprensión del caso.
• Diseño e implementación de planes de intervención terapéutica individual, orientados a objetivos clínicos específicos y medibles.
• Abordaje de ansiedad, regulación emocional y dificultades cognitivas mediante estrategias cognitivo-conductuales y técnicas de intervención estructurada.
• Seguimiento clínico continuo y ajuste de intervención en función de la respuesta del paciente y evolución del caso.
• Integración de herramientas digitales para el monitoreo del proceso terapéutico y mejora de la adherencia al tratamiento.
• Trabajo interdisciplinario con profesionales de salud y educación para la optimización del abordaje clínico.","5 yrs 3 mos","Part-time","Present",,,"Psicólogo Clínico (Evaluación Cognitiva, Neuropsicología y Psicoterapia)",,,,,,,,,,,"Mar","Mar 2021","2021","On-site","112","117",,"Psicólogo Clínico y Neuropsicólogo con formación de posgrado, enfocado en la integración de la práctica clínica, herramientas digitales y análisis de variables para la comprensión y abordaje de procesos de salud complejos.
 
Trabajo estructurando procesos emocionales y conductuales mediante modelos basados en variables observables, relaciones funcionales y dinámicas de regulación, lo que me permite comprender, organizar y anticipar patrones clínicos, orientando la toma de decisiones terapéuticas de forma más precisa.
 
Cuento con experiencia en evaluación psicológica y neurocognitiva, así como en el diseño e implementación de intervenciones basadas en evidencia, principalmente en población adulta y adulta mayor. He trabajado en contextos clínicos e institucionales, colaborando con equipos interdisciplinarios y facilitando la comunicación de información clínica para la toma de decisiones en salud.
 
Actualmente desarrollo herramientas digitales y sistemas de apoyo terapéutico (apps, dashboards, seguimiento clínico), integrando inteligencia artificial y análisis de datos para identificar patrones, anticipar riesgos y optimizar la intervención.
 
Me interesa integrarme a entornos del sector salud y farmacéutico, donde pueda aportar en la comunicación científica, la comprensión del perfil del paciente y el fortalecimiento de la toma de decisiones médicas, contribuyendo a mejorar los resultados clínicos."
"Jean Paul","Swinnen Sardón, Ph.D., EIA.","https://www.linkedin.com/in/jpswinnen","Psicoterapeuta en práctica privada / Coach empresarial y de vida",,,,,,,,,,"PE","Peru",,"Peru","PE","Peru",,,"Peru",,,,,,,,,,,,,,,,,,,,,,,,,,,,,,,,,,,,,,,,,,,,,,,,,,,,,,,,,,,,,,,,,,,,,,,,,,,,,,"https://www.linkedin.com/search/results/all/?keywords=Consultorio+privado",,,,,,,,,,,,"Consultorio privado",,"Psicoterapeuta formado en CBT, TREC y en SFBT orientado al tratamiento de adultos y adolescentes.","17 yrs 11 mos","Freelance","Present",,"Lima, Perú","Psicólogo Clínico / Coach de vida / Coach empresarial",,"Coaching empresarial","Coaching para la vida","Psicología clínica","Regulación emocional","Recursos para afrontar situaciones retadoras",,,,,"Jul","Jul 2008","2008",,"1037","1028",,"Doctor en Psicología
Psicoterapeuta cognitivo conductual y racional emotivo
Asesor y capacitador en el ámbito organizacional y empresarial.
Coach empresarial
Coach de vida
Investigador cualitativo orientado al ámbito organizacional.
Asesor de desarrollo personal con más de 18 años de experiencia.

Coach empresarial orientado al acompañamiento individual de colaboradores que demandan el desarrollo de competencias específicas para optimizar su productividad en el contexto laboral.

Capacitador para grupos gerenciales y mandos medios en habilidades y competencias oportunas para el liderazgo en contextos retadores.

Psicólogo clínico experto en evaluación y psicoterapia de jóvenes y adultos con formación certificada en Terapia Cognitivo-Conductual (CBT), Terapia Racional Emotiva (TRE) y Terapia Centrada en Soluciones (SFBT) desde una perspectiva bio-psico-espiritual y social."
"Rocio","Bendezu","https://www.linkedin.com/in/rocio-bendezu-955a19268","Psicóloga Psicoterapeuta",,,,,,,,,,"PE","Peru",,"Peru","PE","Peru",,,"Peru",,,,,,,,,,,,,,,,,,,,,,,,,,,,,,,,,,,,,,,,,,,,,,,,,,,,,,,,,,,,,,,,,,,,,,,,,,,,,,"https://www.linkedin.com/search/results/all/?keywords=Psicologia+Integral",,,,,,,,,,,,"Psicologia Integral",,"Psicóloga Clínica 
Psicoterapeuta","16 yrs 5 mos","Freelance","Present",,"Lima, Perú","Psicólogo clínico",,,,,,,,,,,"Jan","Jan 2010","2010","Remote","5044","5194",,"Soy psicologa Clinica Psicoterapeuta he trabajado en centros educativos inicial realizo evaluaciones y tratamientos on line"
"Renato","Aguilar","https://www.linkedin.com/in/renato-aguilar-58099414a","Psicólogo clínico ",,,,,,,,,,"PE","Peru",,"Peru","PE","Peru",,,"Peru","true",,"false",,,,,,,,,,,"https://wa.me/message/7a5neuwqisite1","Somos un equipo de psicoterapeutas, acompañantes terapéuticos y servicio de psiquiatría.","18",,"50","11","229",,,,"2020",,"92895783","Hospitals and Health Care > Medical Practices > Mental Health Care","139","Mental Health Care","Mental Health Care","urn:li:fsd_industry:139","https://www.linkedin.com/jobs/search?geoId=92000000&f_C=92895783","https://www.linkedin.com/company/contigo-centro-de-psicoterapia-integral/","Lima","PE",,,"true","San Borja",,"Lima","Peru","PE","Peru",,"Lima","Lima, Peru",,"https://media.licdn.com/dms/image/v2/C4E0BAQGFLWu8CRn-nw/company-logo_400_400/company-logo_400_400/0/1675447775730?e=1779926400&v=beta&t=iZVVjrZhyKIbuWPOL7zxwCLe1B87lTSVXqGLAwDjObY","400","https://media.licdn.com/dms/image/v2/C4E0BAQGFLWu8CRn-nw/company-logo_400_400/company-logo_400_400/0/1675447775730?e=1779926400&v=beta&t=iZVVjrZhyKIbuWPOL7zxwCLe1B87lTSVXqGLAwDjObY","400","200","https://media.licdn.com/dms/image/v2/C4E0BAQGFLWu8CRn-nw/company-logo_200_200/company-logo_200_200/0/1675447775730?e=1779926400&v=beta&t=drzNMvECG30Q-7Imb5b-7gSSt_xtO9ZYFj-0ozN0Oeg","200","100","https://media.licdn.com/dms/image/v2/C4E0BAQGFLWu8CRn-nw/company-logo_100_100/company-logo_100_100/0/1675447775730?e=1779926400&v=beta&t=CIFzxhxRdEETecdFkl0aLOLeJT0UVqu4byhlU4eCGSA","100","Contigo Centro de Psicoterapia Integral","COMPANY","false",,,"+51998713376",,,,,,,,,,"Comprometidos con tu bienestar","contigo-centro-de-psicoterapia-integral","https://www.instagram.com/centro.contigo/","92895783","https://www.linkedin.com/company/contigo-centro-de-psicoterapia-integral/",,"400","https://media.licdn.com/dms/image/v2/C4E0BAQGFLWu8CRn-nw/company-logo_400_400/company-logo_400_400/0/1675447775730?e=1779926400&v=beta&t=iZVVjrZhyKIbuWPOL7zxwCLe1B87lTSVXqGLAwDjObY","400","200","https://media.licdn.com/dms/image/v2/C4E0BAQGFLWu8CRn-nw/company-logo_200_200/company-logo_200_200/0/1675447775730?e=1779926400&v=beta&t=drzNMvECG30Q-7Imb5b-7gSSt_xtO9ZYFj-0ozN0Oeg","200","100","https://media.licdn.com/dms/image/v2/C4E0BAQGFLWu8CRn-nw/company-logo_100_100/company-logo_100_100/0/1675447775730?e=1779926400&v=beta&t=CIFzxhxRdEETecdFkl0aLOLeJT0UVqu4byhlU4eCGSA","100","https://media.licdn.com/dms/image/v2/C4E0BAQGFLWu8CRn-nw/company-logo_400_400/company-logo_400_400/0/1675447775730?e=1779926400&v=beta&t=iZVVjrZhyKIbuWPOL7zxwCLe1B87lTSVXqGLAwDjObY","Contigo Centro de Psicoterapia Integral","contigo-centro-de-psicoterapia-integral",,"9 mos","Freelance","Present",,"Lima","Psicólogo clínico",,,,,,,,,,,"Sep","Sep 2025","2025",,"749","749","Ventas • Responsabilidad • Actitud positiva • Persuasión • Analítico","Egresado de Psicología por la Universidad de Lima, con experiencia en el ámbito clínico y organizacional. Capacitado en orientación psicológica, evaluación psicométrica y diagnóstico emocional, con sólidos conocimientos en bienestar psicológico y salud mental aplicables al entorno laboral. Comprometido con el desarrollo humano dentro de las organizaciones, promoviendo espacios emocionalmente seguros que potencien el rendimiento, la motivación y el clima laboral."
"Rodrigo","Córdova Castillo","https://www.linkedin.com/in/rodrigo-córdova-castillo-405895203","Licenciado en Psicología (CPsP. 55903) - Universidad Peruana de Ciencias Aplicadas | Psicólogo Deportivo | Psicoterapeuta ACT",,"true",,"rodrigo.cordova@pucp.edu.pe",,"false","60","risky","true","PE","Peru",,"Peru","PE","Peru",,,"Peru","true",,"false","https://media.licdn.com/dms/image/v2/D4E1BAQFtES-kSei-IQ/company-background_10000/B4EZUA1yUfG0AY-/0/1739475855591/pucp_cover?e=1779152400&v=beta&t=J0iiCEvFoyM1Y9-gy_JkFS3XWnXFdYLOfoTnZCnntOE","406","https://media.licdn.com/dms/image/v2/D4E1BAQFtES-kSei-IQ/company-background_10000/B4EZUA1yUfG0AY-/0/1739475855591/pucp_cover?e=1779152400&v=beta&t=J0iiCEvFoyM1Y9-gy_JkFS3XWnXFdYLOfoTnZCnntOE","1594","101","https://media.licdn.com/dms/image/v2/D4E1BAQFtES-kSei-IQ/company-background_400/B4EZUA1yUfG0Ac-/0/1739475855591/pucp_cover?e=1779152400&v=beta&t=T6b_0dWYMxFaB5kyjWosFZD7S969cFONjwFSxRc4sbg","400","50","https://media.licdn.com/dms/image/v2/D4E1BAQFtES-kSei-IQ/company-background_200/B4EZUA1yUfG0Ag-/0/1739475855591/pucp_cover?e=1779152400&v=beta&t=5e0PyCmVvoIbaQIivt0k0d8tc_Vn-35T3KKnyMrcEgo","200","http://www.pucp.edu.pe","La PUCP es la primera universidad del Perú, según el importante QS Latin American University Rankings del 2013, donde se ubica en el puesto 23. En sus 97 años trabaja, junto a docentes, alumnos y personal administrativo, en la excelencia, liderazgo, innovación y modernización a través de sus diversos programas de pregrado y posgrado. ¡Somos PUCP, seámoslo siempre!.","8984",,"5000","1001","389123",,,,"1917",,"37835","Education > Higher Education","68","Higher Education","Higher Education","urn:li:fsd_industry:68","https://www.linkedin.com/jobs/search?geoId=92000000&f_C=37835%2C64646711","https://www.linkedin.com/school/pucp/","LIMA","PE",,"Lima","true","Av. Universitaria, San Miguel",,"Lima","Peru","PE","Peru",,"Lima","Lima, Peru","1801","https://media.licdn.com/dms/image/v2/D4E0BAQG_1FFdAwnF6A/company-logo_400_400/B4EZZtn_XJHEAg-/0/1745595923432?e=1779926400&v=beta&t=4Gi3n-NApgSWx9xn5SJ9qG7E0GqfdcmP-xd3r2zghNE","400","https://media.licdn.com/dms/image/v2/D4E0BAQG_1FFdAwnF6A/company-logo_400_400/B4EZZtn_XJHEAg-/0/1745595923432?e=1779926400&v=beta&t=4Gi3n-NApgSWx9xn5SJ9qG7E0GqfdcmP-xd3r2zghNE","400","200","https://media.licdn.com/dms/image/v2/D4E0BAQG_1FFdAwnF6A/company-logo_200_200/B4EZZtn_XJHEAQ-/0/1745595923432?e=1779926400&v=beta&t=nD9pLhlg-6EA5HvtKP5DaCQxmnaaKDDGrDP2waonVI4","200","100","https://media.licdn.com/dms/image/v2/D4E0BAQG_1FFdAwnF6A/company-logo_100_100/B4EZZtn_XJHEAY-/0/1745595923432?e=1779926400&v=beta&t=oNw3Vuc1lfYXyjal6T30swZMEAT4A0w67tJ3x2AY-KA","100","Pontificia Universidad Católica del Perú","SCHOOL","true",,,"(511)626-2000","Administración","Antropología","Arqueología","Arquitectura","Artes Escénicas","Ciencia Política y Gobierno","Ciencias de la Información","Comunicación Audiovisual","Comunicación para el Desarrollo...","Sé grande.","pucp","http://www.pucp.edu.pe","37835","https://www.linkedin.com/school/pucp/",,"400","https://media.licdn.com/dms/image/v2/D4E0BAQG_1FFdAwnF6A/company-logo_400_400/B4EZZtn_XJHEAg-/0/1745595923432?e=1779926400&v=beta&t=4Gi3n-NApgSWx9xn5SJ9qG7E0GqfdcmP-xd3r2zghNE","400","200","https://media.licdn.com/dms/image/v2/D4E0BAQG_1FFdAwnF6A/company-logo_200_200/B4EZZtn_XJHEAQ-/0/1745595923432?e=1779926400&v=beta&t=nD9pLhlg-6EA5HvtKP5DaCQxmnaaKDDGrDP2waonVI4","200","100","https://media.licdn.com/dms/image/v2/D4E0BAQG_1FFdAwnF6A/company-logo_100_100/B4EZZtn_XJHEAY-/0/1745595923432?e=1779926400&v=beta&t=oNw3Vuc1lfYXyjal6T30swZMEAT4A0w67tJ3x2AY-KA","100","https://media.licdn.com/dms/image/v2/D4E0BAQG_1FFdAwnF6A/company-logo_400_400/B4EZZtn_XJHEAg-/0/1745595923432?e=1779926400&v=beta&t=4Gi3n-NApgSWx9xn5SJ9qG7E0GqfdcmP-xd3r2zghNE","Pontificia Universidad Católica del Perú","pucp",,"1 yr 2 mos","Part-time","Present",,"Lima, Perú","Psicólogo deportivo",,,,,,,,,,,"Apr","Apr 2025","2025","On-site","766","800",,"Licenciado en Psicología, con mención en Psicología Clínica por la Universidad Peruana de Ciencias Aplicadas (UPC). Interesado en la Psicología del Deporte y las terapias de contextuales. Cuento con una formación en la Terapia de Aceptación y Compromiso (ACT) por el Centro Contexto."
"Marco Antonio","Palacios Pila","https://www.linkedin.com/in/-018857129","Psicólogo l Salud Mental l Salud ocupacional",,"false","true","palaciospilam@gmail.com","true","true","100","valid","true","PE","Peru",,"Peru","PE","Peru",,,"Peru","true",,"false","https://media.licdn.com/dms/image/v2/D4E1BAQGcFJ1EUcYUYg/company-background_10000/B4EZ2rpmEKIgAU-/0/1776701301510/dirislimacentro_cover?e=1779152400&v=beta&t=7U8VGGayNKB9NcmqQNy39CIHsgVU7WHJYH78ZCfXnNY","396","https://media.licdn.com/dms/image/v2/D4E1BAQGcFJ1EUcYUYg/company-background_10000/B4EZ2rpmEKIgAU-/0/1776701301510/dirislimacentro_cover?e=1779152400&v=beta&t=7U8VGGayNKB9NcmqQNy39CIHsgVU7WHJYH78ZCfXnNY","1584","100","https://media.licdn.com/dms/image/v2/D4E1BAQGcFJ1EUcYUYg/company-background_400/B4EZ2rpmEKIgAY-/0/1776701301510/dirislimacentro_cover?e=1779152400&v=beta&t=q9BcbsBpqLVJEFDSXFUsE6p2kLiviUtaVmH3gvArkjU","400","50","https://media.licdn.com/dms/image/v2/D4E1BAQGcFJ1EUcYUYg/company-background_200/B4EZ2rpmEKIgAc-/0/1776701301510/dirislimacentro_cover?e=1779152400&v=beta&t=_6Fh-leS3EzJ8mC_Bbu18OBKj-dslvlwTn22Rn2WZl4","200","https://dirislimacentro.gob.pe/","La Dirección de Redes Integradas de Salud – DIRIS Lima Centro, es un órgano desconcentrado del Ministerio de Salud que se creó el 14 de junio de 2017, mediante RM 467-2017/MINSA; que opera, gestiona y articula los procesos de promoción, prevención, recuperación y rehabilitación en salud, conformando la Red Integrada de Salud, la cual incluye a los Hospitales y los Establecimientos de salud de primer nivel de atención.
Son 8 hospitales, 64 establecimientos de Salud del Primer Nivel de Atención y 5 centros especializados (Targa-VIH, Zoonosis y Salud Mental) que están bajo el ámbito de competencia de la Dirección de Redes Integradas de Salud Lima Centro, la cual funciona de manera coordinada y articulada y complementaria a fin de fortalecer la capacidad resolutiva de los servicios centrados en el ciudadano.
La DIRIS Lima Centro integra las ex redes de salud: Lima Ciudad y San Juan de Lurigancho.","337",,"500","201","1288",,,,"2017",,"64903617","Government Administration","75","Government Administration","Government Administration","urn:li:fsd_industry:75","https://www.linkedin.com/jobs/search?geoId=92000000&f_C=64903617","https://www.linkedin.com/company/dirislimacentro/","Cercado de Lima","PE","Sede","Lima","true","51 Avenida Nicolás de Piérola Cuadra 6","Nº 617","Lima","Peru","PE","Peru",,"Lima","Lima, Peru","15001","https://media.licdn.com/dms/image/v2/D4E0BAQEFKqIV2jhUFA/company-logo_400_400/company-logo_400_400/0/1723237409498/direccin_de_redes_integradas_de_salud_lima_centro_logo?e=1779926400&v=beta&t=hTLW7L514efpwBii9Xyga9jrmcbYJZmOVYRaPqnHCM0","400","https://media.licdn.com/dms/image/v2/D4E0BAQEFKqIV2jhUFA/company-logo_400_400/company-logo_400_400/0/1723237409498/direccin_de_redes_integradas_de_salud_lima_centro_logo?e=1779926400&v=beta&t=hTLW7L514efpwBii9Xyga9jrmcbYJZmOVYRaPqnHCM0","400","200","https://media.licdn.com/dms/image/v2/D4E0BAQEFKqIV2jhUFA/company-logo_200_200/company-logo_200_200/0/1723237409498/direccin_de_redes_integradas_de_salud_lima_centro_logo?e=1779926400&v=beta&t=FnVM3pVm_Og4SPB6UUEGfDqt6ZSGEShNUDRFTn2RKXw","200","100","https://media.licdn.com/dms/image/v2/D4E0BAQEFKqIV2jhUFA/company-logo_100_100/company-logo_100_100/0/1723237409498/direccin_de_redes_integradas_de_salud_lima_centro_logo?e=1779926400&v=beta&t=npGQiy5Pvhsqhl6LWHwn9qWMj7jLmCnU4xxnVdAmZco","100","Dirección de Redes Integradas de Salud Lima Centro","COMPANY","false",,,"(01) 207 5700",,,,,,,,,,"Tu Salud Primero","dirislimacentro","https://dirislimacentro.gob.pe/","64903617","https://www.linkedin.com/company/dirislimacentro/",,"400","https://media.licdn.com/dms/image/v2/D4E0BAQEFKqIV2jhUFA/company-logo_400_400/company-logo_400_400/0/1723237409498/direccin_de_redes_integradas_de_salud_lima_centro_logo?e=1779926400&v=beta&t=hTLW7L514efpwBii9Xyga9jrmcbYJZmOVYRaPqnHCM0","400","200","https://media.licdn.com/dms/image/v2/D4E0BAQEFKqIV2jhUFA/company-logo_200_200/company-logo_200_200/0/1723237409498/direccin_de_redes_integradas_de_salud_lima_centro_logo?e=1779926400&v=beta&t=FnVM3pVm_Og4SPB6UUEGfDqt6ZSGEShNUDRFTn2RKXw","200","100","https://media.licdn.com/dms/image/v2/D4E0BAQEFKqIV2jhUFA/company-logo_100_100/company-logo_100_100/0/1723237409498/direccin_de_redes_integradas_de_salud_lima_centro_logo?e=1779926400&v=beta&t=npGQiy5Pvhsqhl6LWHwn9qWMj7jLmCnU4xxnVdAmZco","100","https://media.licdn.com/dms/image/v2/D4E0BAQEFKqIV2jhUFA/company-logo_400_400/company-logo_400_400/0/1723237409498/direccin_de_redes_integradas_de_salud_lima_centro_logo?e=1779926400&v=beta&t=hTLW7L514efpwBii9Xyga9jrmcbYJZmOVYRaPqnHCM0","Dirección de Redes Integradas de Salud Lima Centro","dirislimacentro","Brindar atención psicológica a personas con problemas de salud mental moderados, considerando las necesidades de salud individual y comunitaria según la etapa de vida, para el mantenimiento y recuperación de la salud mental.
Realizar evaluaciones psicológicas y elaborar informes psicológicos, de acuerdo con los lineamientos institucionales.
Participar en actividades de promoción de la salud mental, orientadas a mejorar el bienestar emocional y el comportamiento individual y colectivo.
Participar en la atención psicológica y de salud mental de la población usuaria del establecimiento de salud.
Participar en intervenciones intra y extramurales de cuidado integral en salud mental, dirigidas a la persona, familia y comunidad, en coordinación con el equipo multidisciplinario.
Elaborar y ejecutar intervenciones psicológicas dirigidas a niños, adolescentes y adultos, según la necesidad identificada.
Participar en talleres psicoeducativos dirigidos a docentes, estudiantes y población de la comunidad.","7 mos","Full-time","Present",,"Lima, Peru","Psicólogo clínico especializado en salud mental",,,,,,,,,,,"Nov","Nov 2025","2025","On-site","6523","12189",,"Psicólogo Colegiado con más de 5 años de experiencia en selección de personal y evaluación psicológica, especializado en entrevistas, aplicación de pruebas e informes psicológicos en distintos sectores. Actualmente cursando la segunda especialidad en Psicología Clínica en la Universidad Autónoma, con enfoque en la atención y acompañamiento clínico de personas con problemáticas de salud mental leves a moderadas, destacando por su compromiso ético.

Contacto:
palaciospilam@gmail.com
📲 +51 982693481"
"Steven John","H. Salvador","https://www.linkedin.com/in/steven-john-h-salvador-381652286","Psicólogo colegiado y habilitado – C.Ps.P. N° 72817 | Lic. en Psicología (UARM) | Experiencia en el ámbito educativo y clínico. Especialización: Psicología Educativa y Psicoterapia Cognitivo-Conductual (TCC).",,"false","true","psicologo.steven@gmail.com","true","true","100","valid","true","PE","Peru",,"Peru","PE","Peru",,,"Peru","true",,"false",,,,,,,,,,,"http://www.psicocentrofc.com","Psicocentro Fuentes Carranza SAC
Servicios de consultorio orientados a repotenciar el desempeño profesional, social y familiar a través del desarrollo de habilidades y herramientas individuales o de grupo, mejorando la salud emocional, así como su calidad de vida y ajuste social. Proceso técnico de calidad en cada una de nuestras intervenciones. Dirigido a profesionales, adultos, parejas, familias, niños y grupos de personas

Un sin fin de oportunidades se están presentando en este momento ante ti. Sólo debes aprovecharlas explotando todas tus capacidades físicas y mentales. Te invitamos a descubrir nuevas herramientas para tu bienestar, renovando todos los aspectos en el ámbito personal, familiar, social y profesional.
Empieza a disfrutar, y supera tus expectativas con nosotros.


SERVICIOS BRINDADOS:
•	Coaching
•	Evaluación psicológica integral
•	Reclutamiento, selección y capacitación de personal
•	Orientación vocacional
•	Psicoterapia individual
•	Manejo de emociones frente a entrevistas laborales
•	Control de emociones en el ámbito laboral
•	Miedo a hablar en público
•	Fobia social
•	Psicoterapia individual
•	Asesoría profesional a nidos, colegios, academias, institutos y empresas
•	Modificación de conducta
•	Consultas virtuales
•	Terapia grupal


¡Empieza el cambio con nosotros!:

Web
http://www.psicocentrofc.com/
Calle Fray Angélico 289 - Oficina 101 
(altura cdra. 42 de la Av. Aviación) Surquillo, Lima - Perú
(01) 404-0402 / (01) 449-2468
consultas@psicocentrofc.com


Misión
""Desarrollar el potencial de las personas e instituciones en nuestros diferentes campos de acción a través de los principios científicos y la innovación constante. Mostrando un alto nivel de eficiencia técnica, compromiso y ética profesional, acompañado de la calidad y calidez que caracteriza nuestros servicios. ""​","14",,"50","11","230",,,,"2012",,"10946971","Hospitals and Health Care > Medical Practices > Mental Health Care","139","Mental Health Care","Mental Health Care","urn:li:fsd_industry:139","https://www.linkedin.com/jobs/search?geoId=92000000&f_C=10946971","https://www.linkedin.com/company/psicocentro-fuentes-carranza-sac/",,,,,,,,,,,,,,,,"https://media.licdn.com/dms/image/v2/C4E0BAQH3JOnuE508VQ/company-logo_400_400/company-logo_400_400/0/1631323532020?e=1779926400&v=beta&t=e_za8UQIwMHcUfl-xPFNnosF8cpNF0Tse9l6AE7Axcw","400","https://media.licdn.com/dms/image/v2/C4E0BAQH3JOnuE508VQ/company-logo_400_400/company-logo_400_400/0/1631323532020?e=1779926400&v=beta&t=e_za8UQIwMHcUfl-xPFNnosF8cpNF0Tse9l6AE7Axcw","400","200","https://media.licdn.com/dms/image/v2/C4E0BAQH3JOnuE508VQ/company-logo_200_200/company-logo_200_200/0/1631323532020?e=1779926400&v=beta&t=Xx3GYHKrwiF1VPGQ5E5R0Y8cVeb4P4U-6ZCotuLQ93U","200","100","https://media.licdn.com/dms/image/v2/C4E0BAQH3JOnuE508VQ/company-logo_100_100/company-logo_100_100/0/1631323532020?e=1779926400&v=beta&t=TqzLeT-Mno0FVCXYrIKj2KFl0Yz_bnmSVmJbAgplx0c","100","Psicocentro Fuentes Carranza SAC","COMPANY","false",,,,"PSICOTERAPIA INDIVIDUAL","EVALUACIÓN PSICOLÓGICA","TERAPIA DE FAMILIA","TERAPIA DE PAREJA","MODIFICACIÓN DE CONDUCTA","CONSULTAS VIRTUALES","TERAPIA GRUPAL","PSICOESTIMULACIÓN COGNITIVA PARA ADULTOS MAYORES",,,"psicocentro-fuentes-carranza-sac","http://www.psicocentrofc.com","10946971","https://www.linkedin.com/company/psicocentro-fuentes-carranza-sac/",,"400","https://media.licdn.com/dms/image/v2/C4E0BAQH3JOnuE508VQ/company-logo_400_400/company-logo_400_400/0/1631323532020?e=1779926400&v=beta&t=e_za8UQIwMHcUfl-xPFNnosF8cpNF0Tse9l6AE7Axcw","400","200","https://media.licdn.com/dms/image/v2/C4E0BAQH3JOnuE508VQ/company-logo_200_200/company-logo_200_200/0/1631323532020?e=1779926400&v=beta&t=Xx3GYHKrwiF1VPGQ5E5R0Y8cVeb4P4U-6ZCotuLQ93U","200","100","https://media.licdn.com/dms/image/v2/C4E0BAQH3JOnuE508VQ/company-logo_100_100/company-logo_100_100/0/1631323532020?e=1779926400&v=beta&t=TqzLeT-Mno0FVCXYrIKj2KFl0Yz_bnmSVmJbAgplx0c","100","https://media.licdn.com/dms/image/v2/C4E0BAQH3JOnuE508VQ/company-logo_400_400/company-logo_400_400/0/1631323532020?e=1779926400&v=beta&t=e_za8UQIwMHcUfl-xPFNnosF8cpNF0Tse9l6AE7Axcw","Psicocentro Fuentes Carranza SAC","psicocentro-fuentes-carranza-sac","Atención psicológica clínica ","2 mos","Part-time","Present",,"Miraflores, Lima, Peru","Psicólogo clínico",,,,,,,,,,,"Apr","Apr 2026","2026","On-site","50","51",,"Soy psicólogo licenciado por la Universidad Antonio Ruiz de Montoya, especializado en el ámbito educativo y con experiencia sólida en la atención integral de adolescentes en contextos escolares. Me apasiona contribuir al bienestar socioemocional, académico y personal de los estudiantes, integrando estrategias de intervención temprana, orientación vocacional y desarrollo de habilidades socioemocionales.

A lo largo de mi trayectoria en la I.E.P. San Pedro-Santísima Trinidad de Lurín (2022 – actualidad), he desarrollado e implementado planes de intervención individual y grupal, informes psicológicos, y talleres enfocados en fortalecer la resiliencia, la comunicación asertiva y el manejo de la ansiedad. Colaboro estrechamente con docentes y familias para garantizar un abordaje integral y basado en evidencia.

Mi formación académica incluye la Licenciatura en Psicología (2016–2022) con una tesis sobre la “Percepción de la espiritualidad como factor protector de la salud mental en seminaristas durante la COVID-19”, así como diplomados especializados en Psicología Educativa, Psicología Infantil y Estimulación Temprana, Psicoterapia Cognitivo-Conductual y Relaciones de Pareja. Complemento mi perfil con competencias en evaluación psicométrica (WISC-V, BDI-II) y proyectiva (HTP, Dibujo de la familia), manejo de software estadístico (SPSS, Atlas Ti) y herramientas digitales (Canva, MS Office, Excel).

Además de mi experiencia en psicología educativa, he participado en prácticas y voluntariados en el Servicio de Apoyo Psicológico y Psicopedagógico (SAPP), desarrollando talleres, evaluaciones y material psicoeducativo. Mi dominio del portugués intermedio amplía mis posibilidades de interacción en entornos académicos y multiculturales.

Me defino como un profesional empático, ético y comprometido con el aprendizaje continuo, actualmente interesado en realizar una Maestría en Psicopedagogía para fortalecer mis competencias en neurodesarrollo, intervención psicoeducativa y diseño de programas de aprendizaje.

Mi propósito es contribuir a formar estudiantes seguros, resilientes y con herramientas para afrontar los retos de su vida académica y personal. Estoy abierto a colaboraciones, proyectos educativos, investigaciones y oportunidades de desarrollo profesional que busquen impactar positivamente en la comunidad escolar.

📧 Contacto: psicologo.steven@gmail.com | 📱 +51 940 865 051
🌐 LinkedIn: linkedin.com/in/Steven-Salvador"
"Gerardo","Tueros ","https://www.linkedin.com/in/gerardo-tueros-b69a0b106","CPsP 56880 // 
Lic. en Psicología en el Ministerio de Salud // 
CEO  Centro “Psicología Mi Salud”.",,,,,,,,,,"PE","Peru",,"Peru","PE","Peru",,,"Peru","true",,"false","https://media.licdn.com/dms/image/v2/D4E1BAQEHC_Nt4l96YA/company-background_10000/B4EZp0.vIJGYAU-/0/1762899196300/ministerio_de_salud_del_per_cover?e=1779152400&v=beta&t=hh8b2EuVDiH-dSpzLqLSiI14CcPshGrYKg5BFpb4l_s","745","https://media.licdn.com/dms/image/v2/D4E1BAQEHC_Nt4l96YA/company-background_10000/B4EZp0.vIJGYAU-/0/1762899196300/ministerio_de_salud_del_per_cover?e=1779152400&v=beta&t=hh8b2EuVDiH-dSpzLqLSiI14CcPshGrYKg5BFpb4l_s","4400","67","https://media.licdn.com/dms/image/v2/D4E1BAQEHC_Nt4l96YA/company-background_400/B4EZp0.vIJGYAY-/0/1762899196300/ministerio_de_salud_del_per_cover?e=1779152400&v=beta&t=WrsS4K-tVKRXgb3X2CdTgyahHKAMMuueEK2y1JpbSh4","400","33","https://media.licdn.com/dms/image/v2/D4E1BAQEHC_Nt4l96YA/company-background_200/B4EZp0.vIJGYAc-/0/1762899196300/ministerio_de_salud_del_per_cover?e=1779152400&v=beta&t=ACPw9xXyoXEJFDq7R1bB59FAQFrwIPcwGEH7inXS4Fg","200","https://www.gob.pe/minsa","La historia del Ministerio de Salud registra hechos importantes dignos de ser destacados. En Agosto de 1994, el Perú recibe la certificación internacional de la interrupción de la circulación del virus salvaje de la polio, al transcurrir tres años del último caso de polio en el país y en las Américas. El mantener coberturas de vacunación por encima del 90% a partir de 1995, el reconocimiento de la Organización Mundial de la Salud del Programa de Control de TBC del Perú como uno de los mejores del mundo y modelo para las Américas; el avance exitoso en el cumplimiento de la meta intermedia de iodización universal de la sal, constituyen méritos destacables.","20808",,,"10001","61205",,,,"1935",,"15199921","Government Administration","75","Government Administration","Government Administration","urn:li:fsd_industry:75","https://www.linkedin.com/jobs/search?geoId=92000000&f_C=15199921","https://www.linkedin.com/company/ministerio-de-salud-del-per%C3%BA/","Lima","PE","Av. Salaverry 801 Jesús María",,"true",,,"Lima","Peru","PE","Peru",,"Lima","Lima, Peru",,"https://media.licdn.com/dms/image/v2/D4E0BAQGJzx3ywWjB2Q/company-logo_400_400/B4EZh8aSjjGUAY-/0/1754433923886/ministerio_de_salud_del_per_logo?e=1779926400&v=beta&t=dF9iX_brz-lM4o4iETKQnElt2nsedN0SVk5xZBUzOos","400","https://media.licdn.com/dms/image/v2/D4E0BAQGJzx3ywWjB2Q/company-logo_400_400/B4EZh8aSjjGUAY-/0/1754433923886/ministerio_de_salud_del_per_logo?e=1779926400&v=beta&t=dF9iX_brz-lM4o4iETKQnElt2nsedN0SVk5xZBUzOos","400","200","https://media.licdn.com/dms/image/v2/D4E0BAQGJzx3ywWjB2Q/company-logo_200_200/B4EZh8aSjjGUAI-/0/1754433923886/ministerio_de_salud_del_per_logo?e=1779926400&v=beta&t=HR2thdL4keLERwrLO9BI69epLqopGRYhCAhuVcJiA64","200","100","https://media.licdn.com/dms/image/v2/D4E0BAQGJzx3ywWjB2Q/company-logo_100_100/B4EZh8aSjjGUAQ-/0/1754433923886/ministerio_de_salud_del_per_logo?e=1779926400&v=beta&t=eoSe3_tBREdNzuWdO78uXpOvlqB9kINcF2Yg2jOeGlE","100","Ministerio de Salud del Perú","COMPANY","true",,,"(01) 315 6600","Salud",,,,,,,,,,"ministerio-de-salud-del-perú","https://www.gob.pe/minsa","15199921","https://www.linkedin.com/company/ministerio-de-salud-del-per%C3%BA/",,"400","https://media.licdn.com/dms/image/v2/D4E0BAQGJzx3ywWjB2Q/company-logo_400_400/B4EZh8aSjjGUAY-/0/1754433923886/ministerio_de_salud_del_per_logo?e=1779926400&v=beta&t=dF9iX_brz-lM4o4iETKQnElt2nsedN0SVk5xZBUzOos","400","200","https://media.licdn.com/dms/image/v2/D4E0BAQGJzx3ywWjB2Q/company-logo_200_200/B4EZh8aSjjGUAI-/0/1754433923886/ministerio_de_salud_del_per_logo?e=1779926400&v=beta&t=HR2thdL4keLERwrLO9BI69epLqopGRYhCAhuVcJiA64","200","100","https://media.licdn.com/dms/image/v2/D4E0BAQGJzx3ywWjB2Q/company-logo_100_100/B4EZh8aSjjGUAQ-/0/1754433923886/ministerio_de_salud_del_per_logo?e=1779926400&v=beta&t=eoSe3_tBREdNzuWdO78uXpOvlqB9kINcF2Yg2jOeGlE","100","https://media.licdn.com/dms/image/v2/D4E0BAQGJzx3ywWjB2Q/company-logo_400_400/B4EZh8aSjjGUAY-/0/1754433923886/ministerio_de_salud_del_per_logo?e=1779926400&v=beta&t=dF9iX_brz-lM4o4iETKQnElt2nsedN0SVk5xZBUzOos","Ministerio de Salud del Perú","ministerio-de-salud-del-perú","Funciones:

- Elaborar, implementar y evaluar el Plan de Salud Mental en el ámbito de la OGESS, alineado a las políticas del Ministerio de Salud.
- Programar actividades de promoción, prevención, tratamiento y rehabilitación en salud mental.
- Monitorear y evaluar el cumplimiento de indicadores de desempeño en salud mental, proponiendo acciones de mejora continua basadas en evidencia.
- Supervisar el funcionamiento de los servicios de salud mental, incluyendo centros de salud mental comunitarios, garantizando la calidad de atención y el respeto de los derechos de los usuarios.
- Promover la articulación intersectorial con instituciones públicas, privadas y organizaciones comunitarias para el desarrollo de intervenciones integrales en salud mental.","1 mo",,"Present","5790a18c154e67b3aa3a6d241d6ed37621109718","Tocache, San Martín, Peru","Coordinador de Salud Mental - OGESS AH",,,,,,,,,,,"May","May 2026","2026","On-site","6409","6549","Capacidad de análisis • Comunicación • Liderazgo • Habilidades sociales • Trabajo en equipo","Licenciado en Psicología (CPsP 56880) en las áreas clínica y educativa. Cuento con experiencia en el proceso de evaluación, diagnóstico y tratamiento a pacientes. Diseño y desarrollo de talleres a adolescentes y adultos. Con experiencia en coordinación y gestión de equipos en el sector clínico y educativo. Cuento con habilidades para la creación de contenido audiovisual y el manejo de herramientas tecnológicas.

Destaco aptitudes tales como la capacidad de análisis, trabajo en equipo, liderazgo, entre otras.

Finalmente, mencionar que estudio una maestría en Criminología.

CEO de Psicología Mi Salud 
https://www.instagram.com/psicologia.misalud/?hl=es"
"Patricio Jeanpaul","Torres Quinto","https://www.linkedin.com/in/patricio-jeanpaul-torres-quinto-5a1985110","Lic. Psicología | Mg. Gestión educativa y didáctica | 2da Esp. Terapia Familiar Sistémica | Doctorado(e) Ciencias de la Educación | Becario IVLP 🇺🇸 | Reconocimiento CPsP-CDR II 2025 🤝",,"false","true","patricio.torres@innovaschools.edu.pe",,"false","90","valid","true","PE","Peru",,"Peru","PE","Peru",,,"Peru","true",,"false","https://media.licdn.com/dms/image/v2/D4E1BAQFwrAl58UlyXw/company-background_10000/B4EZooxyhWKMAU-/0/1761620734884/innova_schools_cover?e=1779152400&v=beta&t=f9z7DMh7lxuQRJpnao0iFn3W9Z-KNrBcZrIWUtW-yTg","330","https://media.licdn.com/dms/image/v2/D4E1BAQFwrAl58UlyXw/company-background_10000/B4EZooxyhWKMAU-/0/1761620734884/innova_schools_cover?e=1779152400&v=beta&t=f9z7DMh7lxuQRJpnao0iFn3W9Z-KNrBcZrIWUtW-yTg","1170","112","https://media.licdn.com/dms/image/v2/D4E1BAQFwrAl58UlyXw/company-background_400/B4EZooxyhWKMAY-/0/1761620734884/innova_schools_cover?e=1779152400&v=beta&t=OyXpGPdYxrtUPBOWdw1V--SJ1Br6rd_Fp_us4E7AYOY","400","56","https://media.licdn.com/dms/image/v2/D4E1BAQFwrAl58UlyXw/company-background_200/B4EZooxyhWKMAc-/0/1761620734884/innova_schools_cover?e=1779152400&v=beta&t=hkMEyrGXVK-RZ2gU1kIOUIIyPkBE-6uJQ8aLSfk6Cjw","200","http://www.innovaschools.edu.pe","Somos Innova Schools, una cadena privada de colegios que forma parte del grupo Intercorp y que busca transformar la educación en Latinoamérica.

Actualmente contamos con 65 sedes a nivel nacional y presencia en México, Colombia y Ecuador.

En Innova Schools tenemos claro nuestro propósito: inspirar y formar a nuestros y nuestras estudiantes para que transformen el mundo.

Creemos en la innovación, el aprendizaje continuo y el poder de las personas para generar impacto. Por eso, buscamos talentos que quieran crecer, aportar y ser parte de una organización que viene transformando la educación desde hace más de una década.

Como parte de nuestra experiencia de postulación, contamos con Nova 🤖, nuestro asistente virtual con inteligencia artificial, creado para acompañarte y ayudarte durante tu proceso de selección.

✨ Conoce a Nova aquí: https://bit.ly/4tqm3R0

¡Síguenos y entérate de nuestras oportunidades y novedades!

📸 Instagram: @trabajaeninnovaschools
👍 Facebook: Trabaja en Innova Schools
🎥 TikTok: @trabajainnovaschools","2921",,"5000","1001","60947",,,,"2010",,"10590108","Education > Higher Education","68","Higher Education","Higher Education","urn:li:fsd_industry:68","https://www.linkedin.com/jobs/search?geoId=92000000&f_C=10590108","https://www.linkedin.com/company/innova-schools/","Perú","PE",,,"true","Avenida Javier Prado Este 444, piso 21. San Isidro",,,"Peru","PE","Peru",,,"Peru",,"https://media.licdn.com/dms/image/v2/C4D0BAQH7I58bwX2hXg/company-logo_400_400/company-logo_400_400/0/1631360334167/innova_schools_logo?e=1779926400&v=beta&t=BOeF3MA3Ddi8cqOPJbWl2vVHibwvho1OOZPlTpbrfbc","400","https://media.licdn.com/dms/image/v2/C4D0BAQH7I58bwX2hXg/company-logo_400_400/company-logo_400_400/0/1631360334167/innova_schools_logo?e=1779926400&v=beta&t=BOeF3MA3Ddi8cqOPJbWl2vVHibwvho1OOZPlTpbrfbc","400","200","https://media.licdn.com/dms/image/v2/C4D0BAQH7I58bwX2hXg/company-logo_200_200/company-logo_200_200/0/1631360334167/innova_schools_logo?e=1779926400&v=beta&t=G-OUKLXR4HrOi5gSmGK9-ssq2XFgtwxExB2sIiQEv7s","200","100","https://media.licdn.com/dms/image/v2/C4D0BAQH7I58bwX2hXg/company-logo_100_100/company-logo_100_100/0/1631360334167/innova_schools_logo?e=1779926400&v=beta&t=DQhlyL_9fKLCcNud4SEX7rq6Xo3oR-9rFmAFtCvIBuM","100","Innova Schools","COMPANY","false",,,,"Educación","inicial","primaria","secundaria",,,,,,"Inspiramos y formamos a nuestros y nuestras estudiantes para que transformen el mundo.","innova-schools","http://www.innovaschools.edu.pe","10590108","https://www.linkedin.com/company/innova-schools/",,"400","https://media.licdn.com/dms/image/v2/C4D0BAQH7I58bwX2hXg/company-logo_400_400/company-logo_400_400/0/1631360334167/innova_schools_logo?e=1779926400&v=beta&t=BOeF3MA3Ddi8cqOPJbWl2vVHibwvho1OOZPlTpbrfbc","400","200","https://media.licdn.com/dms/image/v2/C4D0BAQH7I58bwX2hXg/company-logo_200_200/company-logo_200_200/0/1631360334167/innova_schools_logo?e=1779926400&v=beta&t=G-OUKLXR4HrOi5gSmGK9-ssq2XFgtwxExB2sIiQEv7s","200","100","https://media.licdn.com/dms/image/v2/C4D0BAQH7I58bwX2hXg/company-logo_100_100/company-logo_100_100/0/1631360334167/innova_schools_logo?e=1779926400&v=beta&t=DQhlyL_9fKLCcNud4SEX7rq6Xo3oR-9rFmAFtCvIBuM","100","https://media.licdn.com/dms/image/v2/C4D0BAQH7I58bwX2hXg/company-logo_400_400/company-logo_400_400/0/1631360334167/innova_schools_logo?e=1779926400&v=beta&t=BOeF3MA3Ddi8cqOPJbWl2vVHibwvho1OOZPlTpbrfbc","Innova Schools","innova-schools","Psicólogo del Equipo Directivo de la sede Huánuco y Huancayo ","9 mos","Full-time","Present",,,"Psicólogo",,,,,,,,,,,"Sep","Sep 2025","2025",,"94","98",,"Licenciado en Psicología (C.Ps.P. N° 33629) con Segunda Especialidad en Psicoterapia Familiar Sistémica (C.Ps.P. N° 685), Magíster en Gestión Educativa y Didáctica (UNCP, 2022) y egresado del Doctorado en Ciencias de la Educación (UNCP, 2024). Becario del programa IVLP 2019 de la Embajada de los Estados Unidos y reconocido como Psicólogo Destacado por el Colegio de Psicólogos del Perú CDR II (2025). Asimismo, he recibido distinciones por acciones humanitarias, liderazgo juvenil y trabajo preventivo otorgadas por el Gobierno Regional Junín (2021), la Dirección Regional de Educación Junín (2021), la organización americana Peace Corps - Perú (2017) y la Municipalidad Distrital de Acobamba (2015–2018).

Cuento con más de 8 años de experiencia profesional, destacando 5 años de gestión educativa como Especialista en Convivencia Escolar y Prevención de la Violencia en las UGEL Tarma, UGEL Junín y UGEL 06, liderando equipos multidisciplinarios (psicólogos JEC, docentes, internos y voluntarios de psicología) e impulsando estrategias territoriales para fortalecer la convivencia escolar. Además, poseo más de 3 años de experiencia como Psicólogo Educativo, en instituciones públicas (EBE, JEC, COAR) y actualmente me desempeño en el ámbito privado como Psicólogo en Innova Schools (sedes Huánuco y Huancayo, desde septiembre de 2025).

Complemento mi perfil con formación en dirección de recursos humanos, liderazgo personal, activismo cívico e intervención en violencia escolar y familiar, con enfoque en prevención, promoción y atención integral, además de competencias en ofimática a nivel intermedio."
"Yves Shariana","Janampa Pereda","https://www.linkedin.com/in/psyvesjp","Psicóloga | Bienestar Emocional e Inclusión Laboral | Atención Psicológica Online | RRHH y Orientación Laboral",,"false","true","yvesjanampa@opcionyo.com",,"false","90","valid","true","PE","Peru",,"Peru","PE","Peru",,,"Peru","true",,"false","https://media.licdn.com/dms/image/v2/C4E1BAQHGFHp2NzNSwA/company-background_10000/company-background_10000/0/1623175478630/opcion_yo_cover?e=1779152400&v=beta&t=aZRbUinOuvpUCejEE4SgWbwi_VWceMIvU6kb1F0Wb3s","376","https://media.licdn.com/dms/image/v2/C4E1BAQHGFHp2NzNSwA/company-background_10000/company-background_10000/0/1623175478630/opcion_yo_cover?e=1779152400&v=beta&t=aZRbUinOuvpUCejEE4SgWbwi_VWceMIvU6kb1F0Wb3s","1128","133","https://media.licdn.com/dms/image/v2/C4E1BAQHGFHp2NzNSwA/company-background_400/company-background_400/0/1623175478630/opcion_yo_cover?e=1779152400&v=beta&t=haQSLce0z9VGzBDoI6EJVXcVc0SHHty1G2EGDK2w8C4","400","66","https://media.licdn.com/dms/image/v2/C4E1BAQHGFHp2NzNSwA/company-background_200/company-background_200/0/1623175478630/opcion_yo_cover?e=1779152400&v=beta&t=VJDTBZ3ZLMP9xiZ1xFWrQlDojCuevYyyX9jyf673czs","200","https://opcionyo.com/","Somos una plataforma global, universalmente accessible, que busca mejorar la vida de los seres humanos, organizaciones y profesionales de habla
hispana, mediante el acceso digital a una amplia gama de servicios terapéuticos que se ajustan a las necesidades únicas de los individuos y de las empresas.","113",,"200","51","4223",,,,"2019",,"28512355","Hospitals and Health Care > Medical Practices > Mental Health Care","139","Mental Health Care","Mental Health Care","urn:li:fsd_industry:139","https://www.linkedin.com/jobs/search?geoId=92000000&f_C=28512355","https://www.linkedin.com/company/opcion-yo/","Miami","US","Headquarters","Florida","true",,,"Miami","United States","US","United States of America",,"Florida","Miami, FL, United States","33131","https://media.licdn.com/dms/image/v2/C4E0BAQFBDyD_zkAxBA/company-logo_400_400/company-logo_400_400/0/1630639967334/opcion_yo_logo?e=1779926400&v=beta&t=Vva-gC_b4if6D0NQFDA7uCJuh_Sw4WzNDnY9NGBp3C0","400","https://media.licdn.com/dms/image/v2/C4E0BAQFBDyD_zkAxBA/company-logo_400_400/company-logo_400_400/0/1630639967334/opcion_yo_logo?e=1779926400&v=beta&t=Vva-gC_b4if6D0NQFDA7uCJuh_Sw4WzNDnY9NGBp3C0","400","200","https://media.licdn.com/dms/image/v2/C4E0BAQFBDyD_zkAxBA/company-logo_200_200/company-logo_200_200/0/1630639967334/opcion_yo_logo?e=1779926400&v=beta&t=OC2f8yPyl-smMSBanPynZrn-YzxScuXbox8kvAEdW3k","200","100","https://media.licdn.com/dms/image/v2/C4E0BAQFBDyD_zkAxBA/company-logo_100_100/company-logo_100_100/0/1630639967334/opcion_yo_logo?e=1779926400&v=beta&t=_IZneltMQNs9N6F2Kll_52EtDeQCytp38JCp8DaAx88","100","Opción YO","COMPANY","true",,,"+13057135077","Coaching","Psicología","Nutrición",,,,,,,"Terapia Online cuando la necesitas, donde la necesitas. 
","opcion-yo","http://www.opcionyo.com","28512355","https://www.linkedin.com/company/opcion-yo/",,"400","https://media.licdn.com/dms/image/v2/C4E0BAQFBDyD_zkAxBA/company-logo_400_400/company-logo_400_400/0/1630639967334/opcion_yo_logo?e=1779926400&v=beta&t=Vva-gC_b4if6D0NQFDA7uCJuh_Sw4WzNDnY9NGBp3C0","400","200","https://media.licdn.com/dms/image/v2/C4E0BAQFBDyD_zkAxBA/company-logo_200_200/company-logo_200_200/0/1630639967334/opcion_yo_logo?e=1779926400&v=beta&t=OC2f8yPyl-smMSBanPynZrn-YzxScuXbox8kvAEdW3k","200","100","https://media.licdn.com/dms/image/v2/C4E0BAQFBDyD_zkAxBA/company-logo_100_100/company-logo_100_100/0/1630639967334/opcion_yo_logo?e=1779926400&v=beta&t=_IZneltMQNs9N6F2Kll_52EtDeQCytp38JCp8DaAx88","100","https://media.licdn.com/dms/image/v2/C4E0BAQFBDyD_zkAxBA/company-logo_400_400/company-logo_400_400/0/1630639967334/opcion_yo_logo?e=1779926400&v=beta&t=Vva-gC_b4if6D0NQFDA7uCJuh_Sw4WzNDnY9NGBp3C0","Opción Yo","opcion-yo",,"3 mos","Part-time","Present",,"Perú","Psicólogo clínico",,"Psicología",,,,,,,,,"Mar","Mar 2026","2026","Remote","574","580",,"Psicóloga con experiencia en bienestar emocional, empleabilidad y RRHH. Acompaño a personas que atraviesan agotamiento emocional, bloqueo personal o laboral a reconstruirse con mayor conciencia, claridad y estabilidad."
"Henry J.","Amaro Berríos","https://www.linkedin.com/in/amaro-berríos","Psicólogo clínico",,,,,,,,,,"PE","Peru",,"Peru","PE","Peru",,,"Peru","true",,"false",,,,,,,,,,,"http://www.larcoherrera.gob.pe/","El Hospital “Víctor Larco Herrera” será una Institución competente en Psiquiatría y Salud Mental, con una organización administrativa - asistencial integrada, ordenada, dinámica, funcional y efectiva; que se sustente en el trabajo en equipo interdisciplinario con enfoque comunitario y se oriente hacia el liderazgo en la atención especializada, docencia e investigación en Salud Mental, de acuerdo a los estándares de calidad.","326",,"1000","501","1658",,,,,,"35660048","Utilities","59","Utilities","Utilities","urn:li:fsd_industry:59","https://www.linkedin.com/jobs/search?geoId=92000000&f_C=35660048","https://www.linkedin.com/company/hospital-victor-larco-herrera/",,,,,,,,,,,,,,,,"https://media.licdn.com/dms/image/v2/C4E0BAQHoTlZTbUnEvQ/company-logo_400_400/company-logo_400_400/0/1630567146227?e=1779926400&v=beta&t=S5AR1GuNG6WmlKLgn5qU-kjzFOZHn11gwbivX3_JmfM","400","https://media.licdn.com/dms/image/v2/C4E0BAQHoTlZTbUnEvQ/company-logo_400_400/company-logo_400_400/0/1630567146227?e=1779926400&v=beta&t=S5AR1GuNG6WmlKLgn5qU-kjzFOZHn11gwbivX3_JmfM","400","200","https://media.licdn.com/dms/image/v2/C4E0BAQHoTlZTbUnEvQ/company-logo_200_200/company-logo_200_200/0/1630567146227?e=1779926400&v=beta&t=jl-HZBj2OzMD1mZeFHi0r6DZdUTPzrlybh_Uvvm3Jic","200","100","https://media.licdn.com/dms/image/v2/C4E0BAQHoTlZTbUnEvQ/company-logo_100_100/company-logo_100_100/0/1630567146227?e=1779926400&v=beta&t=CbJwvyaIxeKEani7wbDfw61STKDV-eEB6pfjYNw_N6A","100","Hospital Victor Larco Herrera","COMPANY","false",,,,,,,,,,,,,"Brinda servicios especializados en prevención, promoción, tratamiento y rehabilitación.","hospital-victor-larco-herrera","http://www.larcoherrera.gob.pe/","35660048","https://www.linkedin.com/company/hospital-victor-larco-herrera/",,"400","https://media.licdn.com/dms/image/v2/C4E0BAQHoTlZTbUnEvQ/company-logo_400_400/company-logo_400_400/0/1630567146227?e=1779926400&v=beta&t=S5AR1GuNG6WmlKLgn5qU-kjzFOZHn11gwbivX3_JmfM","400","200","https://media.licdn.com/dms/image/v2/C4E0BAQHoTlZTbUnEvQ/company-logo_200_200/company-logo_200_200/0/1630567146227?e=1779926400&v=beta&t=jl-HZBj2OzMD1mZeFHi0r6DZdUTPzrlybh_Uvvm3Jic","200","100","https://media.licdn.com/dms/image/v2/C4E0BAQHoTlZTbUnEvQ/company-logo_100_100/company-logo_100_100/0/1630567146227?e=1779926400&v=beta&t=CbJwvyaIxeKEani7wbDfw61STKDV-eEB6pfjYNw_N6A","100","https://media.licdn.com/dms/image/v2/C4E0BAQHoTlZTbUnEvQ/company-logo_400_400/company-logo_400_400/0/1630567146227?e=1779926400&v=beta&t=S5AR1GuNG6WmlKLgn5qU-kjzFOZHn11gwbivX3_JmfM","Hospital Victor Larco Herrera","hospital-victor-larco-herrera","Psicólogo del Servicio de Consulta Externa - Adultos","3 yrs 5 mos","Full-time","Present",,"Magdalena del Mar, Lima, Perú","Psicólogo clínico",,"Terapia cognitivo-conductual (TCC)","Terapia psicológica","Terapia Conductual",,,,,,,"Jan","Jan 2023","2023","On-site","213","219",,"Psicólogo clínico, terapeuta cognitivo conductual y proveedor de salud mental."
"Javier","Benites Tamariz","https://www.linkedin.com/in/javier-benites-tamariz","Psicólogo | Responsabilidad Social | Salud Mental | Intervención Psicológica | Salud Comunitaria | Psicología Clínica | Proyectos Sociales | Sostenibilidad | Psicología Forense | Docencia",,"false","true","javier.benites@upn.edu.pe",,"false","90","valid","true","PE","Peru",,"Peru","PE","Peru",,,"Peru","true",,"false","https://media.licdn.com/dms/image/v2/D4E1BAQEySfrj1h28aA/company-background_10000/B4EZrBN2BvJ0AU-/0/1764178224180/universidad_privada_del_norte_cover?e=1779152400&v=beta&t=gKmvQChuMnaaljy_ferhOSfXJraj0wsjWVgD5sBfANw","200","https://media.licdn.com/dms/image/v2/D4E1BAQEySfrj1h28aA/company-background_10000/B4EZrBN2BvJ0AU-/0/1764178224180/universidad_privada_del_norte_cover?e=1779152400&v=beta&t=gKmvQChuMnaaljy_ferhOSfXJraj0wsjWVgD5sBfANw","1200","66","https://media.licdn.com/dms/image/v2/D4E1BAQEySfrj1h28aA/company-background_400/B4EZrBN2BvJ0AY-/0/1764178224180/universidad_privada_del_norte_cover?e=1779152400&v=beta&t=w5H2ACz9JCduMEphUbgclyjQH3hD1xEx3-XsIrDInx0","400","33","https://media.licdn.com/dms/image/v2/D4E1BAQEySfrj1h28aA/company-background_200/B4EZrBN2BvJ0Ac-/0/1764178224180/universidad_privada_del_norte_cover?e=1779152400&v=beta&t=RJSFwb4k9SkLlotsFRXonlR76mJOQQ5NCmNau0L5A_I","200","https://www.upn.edu.pe/carreras","Universidad ubicada al norte de Lima, miembro de la red Laureate Internacional....................................................................................................................................................................................................................................................................................................................................................................................","7109",,"5000","1001","281795",,,,"1994",,"1120178","Education > Higher Education","68","Higher Education","Higher Education","urn:li:fsd_industry:68","https://www.linkedin.com/jobs/search?geoId=92000000&f_C=1120178","https://www.linkedin.com/school/universidad-privada-del-norte/","Lima","PE","Lima, Trujillo y Cajamarca","Cajamarca y Trujillo","true","Av. Alfredo Mendiola 6062. Urb. Los Olivos","Mz. G Lt. 24 Urb. Dean Saavedra, El Cortijo , San Isidro -Trujillo","Lima","Peru","PE","Peru",,"Lima","Lima, Peru",,"https://media.licdn.com/dms/image/v2/C560BAQGAslmJLQqnCQ/company-logo_400_400/company-logo_400_400/0/1632751791640/universidad_privada_del_norte_logo?e=1779926400&v=beta&t=sP9bhBie-Gb3Bchk5-FXQ04b1ovrg02PWAtmhw9VCiE","400","https://media.licdn.com/dms/image/v2/C560BAQGAslmJLQqnCQ/company-logo_400_400/company-logo_400_400/0/1632751791640/universidad_privada_del_norte_logo?e=1779926400&v=beta&t=sP9bhBie-Gb3Bchk5-FXQ04b1ovrg02PWAtmhw9VCiE","400","200","https://media.licdn.com/dms/image/v2/C560BAQGAslmJLQqnCQ/company-logo_200_200/company-logo_200_200/0/1632751791640/universidad_privada_del_norte_logo?e=1779926400&v=beta&t=CRxawJE2dKwF5gER9Rp4ULcnZILefCiT3icv0yUT6o8","200","100","https://media.licdn.com/dms/image/v2/C560BAQGAslmJLQqnCQ/company-logo_100_100/company-logo_100_100/0/1632751791640/universidad_privada_del_norte_logo?e=1779926400&v=beta&t=1gvMt9lLAqn8CVpOqzW5YZxMemizQKEwZOsDQlfIB0Q","100","Universidad Privada del Norte","SCHOOL","true",,,"","Educación Universitaria","Pregrado","Carreras para Gente que Trabaja","Escuela de Postgrado",,,,,,"Acreditados por IAC-CINDA, nos posicionamos entre las mejores universidades en Perú. Somos parte de @LaureatePeru. 💛","universidad-privada-del-norte","http://www.upn.edu.pe","1120178","https://www.linkedin.com/school/universidad-privada-del-norte/",,"400","https://media.licdn.com/dms/image/v2/C560BAQGAslmJLQqnCQ/company-logo_400_400/company-logo_400_400/0/1632751791640/universidad_privada_del_norte_logo?e=1779926400&v=beta&t=sP9bhBie-Gb3Bchk5-FXQ04b1ovrg02PWAtmhw9VCiE","400","200","https://media.licdn.com/dms/image/v2/C560BAQGAslmJLQqnCQ/company-logo_200_200/company-logo_200_200/0/1632751791640/universidad_privada_del_norte_logo?e=1779926400&v=beta&t=CRxawJE2dKwF5gER9Rp4ULcnZILefCiT3icv0yUT6o8","200","100","https://media.licdn.com/dms/image/v2/C560BAQGAslmJLQqnCQ/company-logo_100_100/company-logo_100_100/0/1632751791640/universidad_privada_del_norte_logo?e=1779926400&v=beta&t=1gvMt9lLAqn8CVpOqzW5YZxMemizQKEwZOsDQlfIB0Q","100","https://media.licdn.com/dms/image/v2/C560BAQGAslmJLQqnCQ/company-logo_400_400/company-logo_400_400/0/1632751791640/universidad_privada_del_norte_logo?e=1779926400&v=beta&t=sP9bhBie-Gb3Bchk5-FXQ04b1ovrg02PWAtmhw9VCiE","Universidad Privada del Norte","universidad-privada-del-norte","- Gestionar proyectos sociales a nivel nacional.
- Promover la salud y el bienestar en comunidades vulnerables.
- Responsable del proyecto emblemático CUBPSI - Clínica Universitaria de Bienestar Psicológico.
- Coordinar y asignar campos clínicos de internado en psicología.
- Generar iniciativas de impacto social con la facultad de salud.","2 yrs 5 mos",,"Present","1df4221c69994a3b904b88bf45a38303f158a408",,"Analista de Responsabilida Social - Facultad Salud",,,,,,,,,,,"Jan","Jan 2024","2024",,"319","334","Gestión de conflictos • Gestión de proyectos • Trabajo en equipo • Liderazgo","Psicólogo con 7 años de experiencia, especializado en el desarrollo e implementación de proyectos sociales y programas de salud mental a nivel nacional. Mi trayectoria abarca desde la psicología clínica hasta la forense, combinando un enfoque integral en el bienestar psicológico con habilidades sólidas en liderazgo, trabajo en equipo y gestión de proyectos. He liderado iniciativas clave, como el proyecto CUBPSI, orientado a brindar apoyo psicológico a diversas comunidades. Destaco por mi capacidad para trabajar bajo presión, resolver problemas complejos, y gestionar equipos multidisciplinarios. Mi pasión es mejorar la calidad de vida de las personas a través de intervenciones eficaces y sostenibles, siempre con un enfoque centrado en el desarrollo humano y el bienestar comunitario."
"Julio César","Peche Canlla","https://www.linkedin.com/in/julio-césar-peche-canlla-69a74250","PS. CLÍNICO-DEPORTIVO. TRABAJO EN SPORTING CRISTAL, ALIANZA LIMA, USMP, EN VOLEY SELECCIÓN, EN SC, EN UCV, EN SC-AP, EX DOCENTE EN LA ESC. DE DIRECTORES TECNICOS FPF, COACH DEPORTIVO MAGISTER EN PSICOLOGIA DE FAMILIA.",,,,,,,,,,"PE","Peru",,"Peru","PE","Peru",,,"Peru",,,,,,,,,,,,,,,,,,,,,,,,,,,,,,,,,,,,,,,,,,,,,,,,,,,,,,,,,,,,,,,,,,,,,,,,,,,,,,"https://www.linkedin.com/search/results/all/?keywords=ESCUELA+DIRECTORES+TECNICOS+FPF",,,,,,,,,,,,"ESCUELA DIRECTORES TECNICOS FPF",,,"9 yrs 3 mos",,"Present",,"LIMA","DOCENTE ESCUELA DIRECTORES TECNICOS FPF",,,,,,,,,,,"Mar","Mar 2017","2017",,"535","538",,"DE CAPACITACIONES CONSTANTES PARA DESARROLLAR MIS OBJETIVOS DE EXITOS PROFESIONALES EN LAS MATERIALES EN LA CUAL TRABAJO."
"Julio César ","LLoclla Huarcaya ","https://www.linkedin.com/in/julio-césar-lloclla-huarcaya-52356288","Licenciado en Psicología | Psicólogo en el área clínica | Atención Psicológica presencial y virtual  | Psicólogo educativo  | Trabajando en Tutoría y Acompañamiento al  adolescente / Diplomado en psicología Forense",,,,,,,,,,"PE","Peru",,"Peru","PE","Peru",,,"Peru","true",,"false","https://media.licdn.com/dms/image/v2/D4E1BAQGDQ80E9zgRZQ/company-background_10000/B4EZ2cH_vjJ4AY-/0/1776440836105/mimpperu_cover?e=1779152400&v=beta&t=lKN4IcLxad-HorfwD67lhPbTZW9AluME0s3tcloXT_I","825","https://media.licdn.com/dms/image/v2/D4E1BAQGDQ80E9zgRZQ/company-background_10000/B4EZ2cH_vjJ4AY-/0/1776440836105/mimpperu_cover?e=1779152400&v=beta&t=lKN4IcLxad-HorfwD67lhPbTZW9AluME0s3tcloXT_I","3300","100","https://media.licdn.com/dms/image/v2/D4E1BAQGDQ80E9zgRZQ/company-background_400/B4EZ2cH_vjJ4Ac-/0/1776440836106/mimpperu_cover?e=1779152400&v=beta&t=12myJBJumCzHw_SNHDfRj504mddnH2XznoJ0AViudac","400","50","https://media.licdn.com/dms/image/v2/D4E1BAQGDQ80E9zgRZQ/company-background_200/B4EZ2cH_vjJ4Ag-/0/1776440836106/mimpperu_cover?e=1779152400&v=beta&t=oJv5zhijGfPsogjHpjMttmt7mdBTkJeK4gzuYgndmo8","200","https://mimp.gob.pe/","Somos el ente rector de las políticas nacionales y sectoriales sobre mujer y poblaciones vulnerables que diseña, establece, promueve, ejecuta y supervisa políticas públicas a favor de las mujeres, niñas, niños, adolescentes, personas adultas mayores, con discapacidad, desplazadas y migrantes internos, para garantizar el ejercicio de sus derechos y una vida libre de violencia, desprotección y discriminación en el marco de una cultura de paz.

","2066",,"5000","1001","38337",,,,"1996",,"11218167","Government Administration","75","Government Administration","Government Administration","urn:li:fsd_industry:75","https://www.linkedin.com/jobs/search?geoId=92000000&f_C=11218167","https://www.linkedin.com/company/mimpperu/","Lima","PE",,"Lima","true","Jirón Camaná 616",,"Lima","Peru","PE","Peru",,"Lima","Lima, Peru",,"https://media.licdn.com/dms/image/v2/D4E0BAQEJAihrkLyf3w/company-logo_400_400/B4EZilHmVLGYAY-/0/1755116890101/mimpperu_logo?e=1779926400&v=beta&t=2lDseV_eMVR24H7FfL3QWTjTd28Mp5z48CdK1wATB50","400","https://media.licdn.com/dms/image/v2/D4E0BAQEJAihrkLyf3w/company-logo_400_400/B4EZilHmVLGYAY-/0/1755116890101/mimpperu_logo?e=1779926400&v=beta&t=2lDseV_eMVR24H7FfL3QWTjTd28Mp5z48CdK1wATB50","400","200","https://media.licdn.com/dms/image/v2/D4E0BAQEJAihrkLyf3w/company-logo_200_200/B4EZilHmVLGYAI-/0/1755116890101/mimpperu_logo?e=1779926400&v=beta&t=8u79UipWXFkCpJVk6scRSvamkq_lrZJmTCpV02_6SR0","200","100","https://media.licdn.com/dms/image/v2/D4E0BAQEJAihrkLyf3w/company-logo_100_100/B4EZilHmVLGYAQ-/0/1755116890101/mimpperu_logo?e=1779926400&v=beta&t=7lwA1UJmzSDYVZNZgsQ1vHR6LpwfTnaQDYqSnDvbHZ4","100","Ministerio de la Mujer y Poblaciones Vulnerables","COMPANY","false",,,,,,,,,,,,,,"mimpperu","https://linktr.ee/mimpperu","11218167","https://www.linkedin.com/company/mimpperu/",,"400","https://media.licdn.com/dms/image/v2/D4E0BAQEJAihrkLyf3w/company-logo_400_400/B4EZilHmVLGYAY-/0/1755116890101/mimpperu_logo?e=1779926400&v=beta&t=2lDseV_eMVR24H7FfL3QWTjTd28Mp5z48CdK1wATB50","400","200","https://media.licdn.com/dms/image/v2/D4E0BAQEJAihrkLyf3w/company-logo_200_200/B4EZilHmVLGYAI-/0/1755116890101/mimpperu_logo?e=1779926400&v=beta&t=8u79UipWXFkCpJVk6scRSvamkq_lrZJmTCpV02_6SR0","200","100","https://media.licdn.com/dms/image/v2/D4E0BAQEJAihrkLyf3w/company-logo_100_100/B4EZilHmVLGYAQ-/0/1755116890101/mimpperu_logo?e=1779926400&v=beta&t=7lwA1UJmzSDYVZNZgsQ1vHR6LpwfTnaQDYqSnDvbHZ4","100","https://media.licdn.com/dms/image/v2/D4E0BAQEJAihrkLyf3w/company-logo_400_400/B4EZilHmVLGYAY-/0/1755116890101/mimpperu_logo?e=1779926400&v=beta&t=2lDseV_eMVR24H7FfL3QWTjTd28Mp5z48CdK1wATB50","Ministerio de la Mujer y Poblaciones Vulnerables","mimpperu","• Realizar las evaluaciones de ingreso y periódica para determinar la condición y salud
mental.
• Evaluar el estado emocional, cognitivo y social de los usuarios para identificar sus
necesidades y desarrollar planes de intervención.
• Desarrollar el Plan de trabajo en coordinación con el equipo multidisciplinario del
Centro de Atención de Día.
• Desarrollar los Planes de Atención Individual de los usuarios del CAD.
• Realizar intervenciones psicológicas individualizadas o grupales para abordar
problemas específicos de los usuarios del CAD.
• Implementar programas de prevención para evitar o retrasar el deterioro cognitivo
y emocional, promoviendo estilos de vida saludables y la participación social.
• Llevar a cabo reuniones y/o talleres con la familia de los usuarios del CAD.
• Asesorar a las familias en el proceso de acompañamiento y adaptación a la situación
del adulto mayor, ayudándoles a comprender los cambios y dificultades que pueden
surgir en su proceso de envejecimiento.
• Elaboración de reportes mensuales de las actividades desarrolladas con la población
adulta mayor del Centro de Atención de Día GRATITUD.","8 mos","Full-time","Present",,"Lima, Peru","Psicólogo",,"Liderazgo","EMPATIA","Responsabilidad","HONESTIDAD","PROACTIVDAD",,,,,"Oct","Oct 2025","2025","On-site","140","146",,"Licenciado en Psicología por la Universidad Autonoma del Perú – Lima, complementando mis conocimientos en el aspecto personal y profesional, me considero una persona responsable, soy decidido, trabajador y capaz de responder a situaciones difíciles que se me presenten, podré realizar con éxito las labores encomendadas, me siento en la capacidad de desempeñar labores que exigen de mi el dar todo para el cumplimiento de lo encomendado con responsabilidad y profesionalismo."
"Yvette","Cárdenas Gálvez","https://www.linkedin.com/in/yvette-cárdenas-gálvez-226823245","Psicóloga en formación / Marketing y Administración RRSS",,,,,,,,,,"PE","Lima Metropolitan Area","Lima","Peru","PE","Peru",,"Lima","Lima, Peru","true",,"true",,,,,,,,,,,"http://hnhu.gob.pe",,"719",,,,"549",,,,,,"51971203","Hospitals and Health Care","14","Hospital & Health Care","Hospitals and Health Care","urn:li:fsd_industry:14","https://www.linkedin.com/jobs/search?geoId=92000000&f_C=51971203","https://www.linkedin.com/company/hospital-nacional-hipolito-unanue/","El Agustino","pe",,,"false","1390 Cesar Vallejo",,,,,,,,,"15007",,,,,,,,,,,"Hospital Nacional Hipolito Unanue","COMPANY","false",,,,,,,,,,,,,,"hospital-nacional-hipolito-unanue","http://hnhu.gob.pe","51971203","https://www.linkedin.com/company/hospital-nacional-hipolito-unanue/",,,,,,,,,,,,"Hospital Nacional Hipolito Unanue","hospital-nacional-hipolito-unanue",,"4 mos","Full-time","Present",,,"Psicólogo clínico",,,,,,,,,,,"Feb","Feb 2026","2026",,"5","5",,
"Dennis","Delgado","https://www.linkedin.com/in/dennis-delgado-085a651a2","Psicólogo y Profesor de Idiomas",,,,,,,,,,"PE","Province of Lima, Peru","Lima","Peru","PE","Peru",,"Lima","Lima, Peru","true",,"false","https://media.licdn.com/dms/image/v2/C4E1BAQEbqvtoaI4F2Q/company-background_10000/company-background_10000/0/1638455888141/policlnico_santa_mara_magdalena_cover?e=1779152400&v=beta&t=zIkpNzpzm62LgJTaQP80zgk-NpXV7sH3KyWeIqUah_A","191","https://media.licdn.com/dms/image/v2/C4E1BAQEbqvtoaI4F2Q/company-background_10000/company-background_10000/0/1638455888141/policlnico_santa_mara_magdalena_cover?e=1779152400&v=beta&t=zIkpNzpzm62LgJTaQP80zgk-NpXV7sH3KyWeIqUah_A","1128","67","https://media.licdn.com/dms/image/v2/C4E1BAQEbqvtoaI4F2Q/company-background_400/company-background_400/0/1638455888141/policlnico_santa_mara_magdalena_cover?e=1779152400&v=beta&t=gkMrYfWzw_Dvzg1tNjgdmpB5s3bNHif1VMBHg6FlhHM","400","33","https://media.licdn.com/dms/image/v2/C4E1BAQEbqvtoaI4F2Q/company-background_200/company-background_200/0/1638455888141/policlnico_santa_mara_magdalena_cover?e=1779152400&v=beta&t=6_3Eegdfec1org9U5uD3x7p25zjK9WGXNDSZoMyRQ8o","200","http://m.me/policlinico.smm","Policlínico Santa María Magdalena | Ponemos a su disposición nuestros servicios especializados en Salud, basados en una alta calidad profesional con lo cual buscamos preservar íntegramente a la persona, contáctenos y separe su cita.","61",,"200","51","1249",,,,"2014",,"79829338","Manufacturing > Medical Equipment Manufacturing","17","Medical Device","Medical Equipment Manufacturing","urn:li:fsd_industry:17","https://www.linkedin.com/jobs/search?geoId=92000000&f_C=79829338","https://www.linkedin.com/company/policl%C3%ADnico-santa-mar%C3%ADa-magdalena/","Lima","PE","Magdalena del Mar","Lima","true",,,"Lima","Peru","PE","Peru",,"Lima","Lima, Peru","15086","https://media.licdn.com/dms/image/v2/C4E0BAQFg82eH4P6XQQ/company-logo_400_400/company-logo_400_400/0/1634934643617/policlnico_santa_mara_magdalena_logo?e=1779926400&v=beta&t=xyW6OPEUOrFRO4lP_iPhfwL1CIer1p40s-b2Btx3XHg","400","https://media.licdn.com/dms/image/v2/C4E0BAQFg82eH4P6XQQ/company-logo_400_400/company-logo_400_400/0/1634934643617/policlnico_santa_mara_magdalena_logo?e=1779926400&v=beta&t=xyW6OPEUOrFRO4lP_iPhfwL1CIer1p40s-b2Btx3XHg","400","200","https://media.licdn.com/dms/image/v2/C4E0BAQFg82eH4P6XQQ/company-logo_200_200/company-logo_200_200/0/1634934643617/policlnico_santa_mara_magdalena_logo?e=1779926400&v=beta&t=zhQk6Q2b1kaJrIOXG_irDu1rY2ELg6FQJP0FG-FmIN4","200","100","https://media.licdn.com/dms/image/v2/C4E0BAQFg82eH4P6XQQ/company-logo_100_100/company-logo_100_100/0/1634934643617/policlnico_santa_mara_magdalena_logo?e=1779926400&v=beta&t=PWIEM4716M8voehTAijoM5-H5P8eQp73kAyolnaB-_c","100","Policlínico Santa María Magdalena","COMPANY","false",,,"01 2630804","Medicina General","Optometría","Cardiología","Radiología","Odontología","Laboratorio",,,,,"policlínico-santa-maría-magdalena","https://www.facebook.com/SantaMariaMagdalenaSalud/","79829338","https://www.linkedin.com/company/policl%C3%ADnico-santa-mar%C3%ADa-magdalena/",,"400","https://media.licdn.com/dms/image/v2/C4E0BAQFg82eH4P6XQQ/company-logo_400_400/company-logo_400_400/0/1634934643617/policlnico_santa_mara_magdalena_logo?e=1779926400&v=beta&t=xyW6OPEUOrFRO4lP_iPhfwL1CIer1p40s-b2Btx3XHg","400","200","https://media.licdn.com/dms/image/v2/C4E0BAQFg82eH4P6XQQ/company-logo_200_200/company-logo_200_200/0/1634934643617/policlnico_santa_mara_magdalena_logo?e=1779926400&v=beta&t=zhQk6Q2b1kaJrIOXG_irDu1rY2ELg6FQJP0FG-FmIN4","200","100","https://media.licdn.com/dms/image/v2/C4E0BAQFg82eH4P6XQQ/company-logo_100_100/company-logo_100_100/0/1634934643617/policlnico_santa_mara_magdalena_logo?e=1779926400&v=beta&t=PWIEM4716M8voehTAijoM5-H5P8eQp73kAyolnaB-_c","100","https://media.licdn.com/dms/image/v2/C4E0BAQFg82eH4P6XQQ/company-logo_400_400/company-logo_400_400/0/1634934643617/policlnico_santa_mara_magdalena_logo?e=1779926400&v=beta&t=xyW6OPEUOrFRO4lP_iPhfwL1CIer1p40s-b2Btx3XHg","Policlínico Santa María Magdalena","policlínico-santa-maría-magdalena","Terapias para el tratamiento de ansiedad y depresión 
Certificados psicológicos e informes para ingresos a colegios, trabajos o trámites notariales
Diagnóstico y atención de problemas de aprendizaje y conducta
Orientación vocacional
Consejería para superar problemas de pareja","4 yrs 3 mos","Part-time","Present",,"Lima, Peru","Psicólogo",,,,,,,,,,,"Mar","Mar 2022","2022","On-site","1882","2257",,"Psicólogo colegiado con amplia experiencia en atención de cuadros de ansiedad, depresión, falta de memoria y concentración, problemas de pareja y otros.

Realizo evaluaciones e informes psicológicos, certificados para ingreso colegios, trabajo o trámites notariales.

Dicto charlas de  liderazgo , trabajo en equipo, inteligencia emocional, comunicación, motivación y superación personal.

Enseño Italiano y Francés en Institutos de Idiomas, turismo y aviación comercial.

También comento sobre películas, series, novedades para ver en el cine, televisión y distintas plataformas.

Me gusta la lectura y escribo novelas, cuentos e historias.

Soy coleccionista de discos y publico acerca de grupos, cantantes, canciones del recuerdo con una reseña acerca del éxito que tuvieron en los charts."
"Carlos Omar","Salcedo Vásquez","https://www.linkedin.com/in/carlos-omar-salcedo-vásquez-584720241","Psicólogo Especialista en DBT y Tinnitus | Coordinador de Salud Mental | Consultor Ocupacional.",,,,,,,,,,"PE","Peru",,"Peru","PE","Peru",,,"Peru","true",,"true",,,,,,,,,,,"https://www.villaregia.org","La Comunità Missionaria di Villaregia è una comunità cattolica composta da laiche e laici consacrati, sacerdoti, coppie di sposi e singoli di diversa nazionalità. Siamo uniti dalla stessa spiritualità e dalla medesima missione: essere comunità per la missione ad gentes (ai popoli). ","34",,"500","201","213",,,,"1981",,"92129879","Consumer Services > Religious Institutions","89","Religious Institutions","Religious Institutions","urn:li:fsd_industry:89","https://www.linkedin.com/jobs/search?geoId=92000000&f_C=92129879","https://www.linkedin.com/company/comunit%C3%A0-missionaria-di-villaregia/","Porto Viro","IT",,,"false","Fraz. Villaregia, 16",,"Porto Viro","Italy","IT","Italy",,"Veneto","Porto Viro, Italy",,"https://media.licdn.com/dms/image/v2/D4D0BAQH4A8K0jQfUlA/company-logo_400_400/company-logo_400_400/0/1701251649360/comunit_missionaria_di_villaregia_logo?e=1779926400&v=beta&t=t6hslh7O1bseBQmK3DCj-9miHr1U9dzlDJMYRlYnKio","400","https://media.licdn.com/dms/image/v2/D4D0BAQH4A8K0jQfUlA/company-logo_400_400/company-logo_400_400/0/1701251649360/comunit_missionaria_di_villaregia_logo?e=1779926400&v=beta&t=t6hslh7O1bseBQmK3DCj-9miHr1U9dzlDJMYRlYnKio","400","200","https://media.licdn.com/dms/image/v2/D4D0BAQH4A8K0jQfUlA/company-logo_200_200/company-logo_200_200/0/1701251649360/comunit_missionaria_di_villaregia_logo?e=1779926400&v=beta&t=OpTS8QB0mUps06491mU1L6n2DuBwgDhuYRXnXwe9h3k","200","100","https://media.licdn.com/dms/image/v2/D4D0BAQH4A8K0jQfUlA/company-logo_100_100/company-logo_100_100/0/1701251649360/comunit_missionaria_di_villaregia_logo?e=1779926400&v=beta&t=ZmMiDFcslt9WT8cRGwq37FvYRKb4-sUy_fKf7CTEhbU","100","Comunità Missionaria di Villaregia","COMPANY","false",,,,,,,,,,,,,"Che tutti siano uno perchè il mondo creda che tu mi hai mandato Gv 17,21","comunità-missionaria-di-villaregia","https://www.villaregia.org","92129879","https://www.linkedin.com/company/comunit%C3%A0-missionaria-di-villaregia/",,"400","https://media.licdn.com/dms/image/v2/D4D0BAQH4A8K0jQfUlA/company-logo_400_400/company-logo_400_400/0/1701251649360/comunit_missionaria_di_villaregia_logo?e=1779926400&v=beta&t=t6hslh7O1bseBQmK3DCj-9miHr1U9dzlDJMYRlYnKio","400","200","https://media.licdn.com/dms/image/v2/D4D0BAQH4A8K0jQfUlA/company-logo_200_200/company-logo_200_200/0/1701251649360/comunit_missionaria_di_villaregia_logo?e=1779926400&v=beta&t=OpTS8QB0mUps06491mU1L6n2DuBwgDhuYRXnXwe9h3k","200","100","https://media.licdn.com/dms/image/v2/D4D0BAQH4A8K0jQfUlA/company-logo_100_100/company-logo_100_100/0/1701251649360/comunit_missionaria_di_villaregia_logo?e=1779926400&v=beta&t=ZmMiDFcslt9WT8cRGwq37FvYRKb4-sUy_fKf7CTEhbU","100","https://media.licdn.com/dms/image/v2/D4D0BAQH4A8K0jQfUlA/company-logo_400_400/company-logo_400_400/0/1701251649360/comunit_missionaria_di_villaregia_logo?e=1779926400&v=beta&t=t6hslh7O1bseBQmK3DCj-9miHr1U9dzlDJMYRlYnKio","Comunità Missionaria di Villaregia","comunità-missionaria-di-villaregia","Práctica Clínica con Enfoque Comunitario: Brindar psicoterapia a adultos, adolescentes y parejas de la población vulnerable del distrito, adaptando la intervención a sus necesidades socioeconómicas.

Atención Clínica Integral: Brindar psicoterapia y evaluación psicológica a adultos, adolescentes y parejas, aplicando enfoques terapéuticos basados en evidencia.

Diagnóstico y Evaluación Especializada: Responsable de la aplicación y elaboración de informes psicológicos detallados y el diagnóstico diferencial de trastornos emocionales y problemas de aprendizaje.

Colaboración Multidisciplinaria (Interconsultas): Participación activa en un entorno de equipo multidisciplinario, realizando interconsultas y coordinando planes de tratamiento integrales con otros especialistas de la salud (ej. neurólogos, psiquiatras, pediatras, etc.).

Gestión de Casos: Manejo eficiente de una carga de pacientes activa, asegurando la continuidad y calidad del proceso terapéutico.","10 mos","Part-time","Present","2c574c9ff63989114cc29eec7e898ad13bf8124e","Villa María del Triunfo, Peru","Psicólogo Clínico / Psicoterapeuta",,"Psicoterapia","Salud mental comunitaria","Terapia psicológica","Psicología clínica",,,,,,"Aug","Aug 2025","2025","On-site","420","422","Psicoterapia • Gestión de proyectos • Docencia • Habilidades sociales • Trabajo en equipo","Psicólogo con más de 6 años de experiencia estratégica en sectores clínico, industrial y social. Especialista en Psicoterapia Dialéctica Conductual (DBT) y Cognitivo-Conductual (TCC), con enfoque en regulación emocional, manejo de crisis y tratamiento de Tinnitus. Experto en gestión de salud ocupacional y monitoreo de riesgos psicosociales para el sector industrial. Actualmente gestiono un portafolio de proyectos simultáneos, destacando el liderazgo de equipos multidisciplinarios y la supervisión de internos de psicología. Nivel avanzado de inglés para actualización científica y técnica."
"Diego","García Fernández","https://www.linkedin.com/in/diego-garcía-fernández-614a381b7","Acompaño a organizaciones a transformar cómo conversan para impactar en su desempeño, cultura e innovación. Psicólogo sistémico, consultor y facilitador.",,"true",,"diego.garcia@cayetano.edu.pe",,"false","60","risky","true","PE","Peru",,"Peru","PE","Peru",,,"Peru","true",,"false","https://media.licdn.com/dms/image/v2/D4E1BAQHp2F1vKM39Kg/company-background_10000/B4EZnO6u6CKwAU-/0/1760113127586/universidad_peruana_cayetano_heredia_cover?e=1779152400&v=beta&t=QTaYtwd9Auns0w6l6FXIIacawAuGMegQZMA2YEE7B4E","305","https://media.licdn.com/dms/image/v2/D4E1BAQHp2F1vKM39Kg/company-background_10000/B4EZnO6u6CKwAU-/0/1760113127586/universidad_peruana_cayetano_heredia_cover?e=1779152400&v=beta&t=QTaYtwd9Auns0w6l6FXIIacawAuGMegQZMA2YEE7B4E","1800","67","https://media.licdn.com/dms/image/v2/D4E1BAQHp2F1vKM39Kg/company-background_400/B4EZnO6u6CKwAY-/0/1760113127586/universidad_peruana_cayetano_heredia_cover?e=1779152400&v=beta&t=fwEhXcw2pvR6QymFRFBSgDtgzFDwFI74YnD1_jfw58M","400","33","https://media.licdn.com/dms/image/v2/D4E1BAQHp2F1vKM39Kg/company-background_200/B4EZnO6u6CKwAc-/0/1760113127586/universidad_peruana_cayetano_heredia_cover?e=1779152400&v=beta&t=3w_i6MKEZmgeLk0hKPtmvMQSzC9q9PBPa_ZYaABaGtc","200","http://www.cayetano.edu.pe/","La Universidad Peruana Cayetano Heredia (UPCH), es una institución académica y autónoma, con gobierno democrático, sin fines de lucro, dimanada de la comunidad social y al servicio de ella; conformada por profesores, alumnos y graduados, unidos en la tarea de investigar, enseñar y aprender, preferentemente, en función de la realidad peruana. En este sentido la UPCH participa con actitud crítica en:

El esfuerzo nacional encaminado a la promoción integral del hombre, la promoción y conservación de la cultura y el desarrollo del país.

Conservar y acrecentar el conocimiento y la cultura universal para transmitirlos al individuo y la comunidad.

Realizar y fomentar la investigación en las humanidades, ciencias y tecnología y propiciar la creación intelectual y artística.

Formar humanistas, científicos, profesionales y técnicos de alto nivel académico y competencia profesional, dotados de una mentalidad inquisitiva y creadora y una actitud crítica frente a la institución y a la realidad nacional, comprometidos en servir a la sociedad, contribuyendo así al adelanto científico y tecnológico requeridos para el desarrollo del país.

Contribuir a la realización plena del hombre y al desarrollo integral de la sociedad, orientando el quehacer institucional hacia la persona y la sociedad; en el esfuerzo nacional encaminado hacia el desarrollo del Perú.","3987",,"10000","5001","73521",,,,"1962",,"96179","Education > Higher Education","68","Higher Education","Higher Education","urn:li:fsd_industry:68","https://www.linkedin.com/jobs/search?geoId=92000000&f_C=96179","https://www.linkedin.com/school/universidad-peruana-cayetano-heredia/","Lima","PE",,"Lima","true","Av. Honorio Delgado 430, Urb. Ingeniería, S.M.P, Lima",,"Lima","Peru","PE","Peru",,"Lima","Lima, Peru",,"https://media.licdn.com/dms/image/v2/D4E0BAQEpsAvbPJCdxA/company-logo_400_400/company-logo_400_400/0/1719255704201?e=1779926400&v=beta&t=7Ls83Bf1m2OmPveGU5rJZdsPMvhkIpOakgolgcnQ8n8","400","https://media.licdn.com/dms/image/v2/D4E0BAQEpsAvbPJCdxA/company-logo_400_400/company-logo_400_400/0/1719255704201?e=1779926400&v=beta&t=7Ls83Bf1m2OmPveGU5rJZdsPMvhkIpOakgolgcnQ8n8","400","200","https://media.licdn.com/dms/image/v2/D4E0BAQEpsAvbPJCdxA/company-logo_200_200/company-logo_200_200/0/1719257407487?e=1779926400&v=beta&t=bHV6Vjl8Nnr46RpD57zzRmQZBl5Ov3KZjUUNpNMkhHw","200","100","https://media.licdn.com/dms/image/v2/D4E0BAQEpsAvbPJCdxA/company-logo_100_100/company-logo_100_100/0/1719257951029?e=1779926400&v=beta&t=4WO0hbxUpkGVt0kDj867zTrqt8OYtmX2ded9joOO1Yw","100","Universidad Peruana Cayetano Heredia","SCHOOL","true",,,"(51-1)319-0000","Salud","Educación Superior","Ciencias","Ingenierías","Gestión ","Investigación",,,,"Somos Prestigio. Somos Excelencia. Somos Cayetano.","universidad-peruana-cayetano-heredia","https://cayetano.edu.pe","96179","https://www.linkedin.com/school/universidad-peruana-cayetano-heredia/",,"400","https://media.licdn.com/dms/image/v2/D4E0BAQEpsAvbPJCdxA/company-logo_400_400/company-logo_400_400/0/1719255704201?e=1779926400&v=beta&t=7Ls83Bf1m2OmPveGU5rJZdsPMvhkIpOakgolgcnQ8n8","400","200","https://media.licdn.com/dms/image/v2/D4E0BAQEpsAvbPJCdxA/company-logo_200_200/company-logo_200_200/0/1719257407487?e=1779926400&v=beta&t=bHV6Vjl8Nnr46RpD57zzRmQZBl5Ov3KZjUUNpNMkhHw","200","100","https://media.licdn.com/dms/image/v2/D4E0BAQEpsAvbPJCdxA/company-logo_100_100/company-logo_100_100/0/1719257951029?e=1779926400&v=beta&t=4WO0hbxUpkGVt0kDj867zTrqt8OYtmX2ded9joOO1Yw","100","https://media.licdn.com/dms/image/v2/D4E0BAQEpsAvbPJCdxA/company-logo_400_400/company-logo_400_400/0/1719255704201?e=1779926400&v=beta&t=7Ls83Bf1m2OmPveGU5rJZdsPMvhkIpOakgolgcnQ8n8","Universidad Peruana Cayetano Heredia","universidad-peruana-cayetano-heredia","Curso de Psicopatología
Curso de Terapias Psicológicas
Curso de Emergencias y Desastres","1 yr 5 mos","Part-time","Present","424ae85a7e7c58d6a1247ea255fd9531a4c6242e",,"Docente de Práctica",,,,,,,,,,,,"2025","2025",,"163","175",,"Licenciado en Psicología Clínica y de la Salud por la Universidad Peruana Cayetano Heredia y Terapeuta Familiar Sistémico por el Instituto Familiar Sistémico de Lima. Con enfoque colaborativo-dialógico y formación en abordaje DBT para familias y pacientes con desregulación emocional.

He trabajado en contextos donde las relaciones y las conversaciones definen el funcionamiento de los sistemas humanos. Hoy aplico este enfoque en organizaciones, acompañando a equipos y líderes a transformar cómo conversan a través de espacios de diálogo que permiten pensar juntos, cuestionar sus dinámicas habituales y construir nuevas formas de decidir y coordinarse. Desde ahí, el cambio emerge, impactando en el desempeño, la cultura y la innovación.
 
Busco humanizar la forma en que trabajan las empresas, promoviendo dinámicas más empáticas y colaborativas. Si quieres abrir nuevas formas de conversar, decidir y coordinar en tu equipo, conversemos."
"José Carlos","Espinoza Toribio","https://www.linkedin.com/in/josé-carlos-espinoza-toribio-563694178","Psicólogo Clínico | Bienestar Estudiantil y Gestión Educativa | Evaluación Psicológica | TCC | Intervención en Crisis",,,,,,,,,,"PE","Peru",,"Peru","PE","Peru",,,"Peru","true",,"false","https://media.licdn.com/dms/image/v2/D4E1BAQFDnxfiyxrTVQ/company-background_10000/B4EZ3_HrnQIMAI-/0/1778101697191/consultorio_psicolgico_s_o_s_cover?e=1779152400&v=beta&t=durtp5M9bMjlTd6s8G86jGpitvYE8Le4kPMNEglTfmw","315","https://media.licdn.com/dms/image/v2/D4E1BAQFDnxfiyxrTVQ/company-background_10000/B4EZ3_HrnQIMAI-/0/1778101697191/consultorio_psicolgico_s_o_s_cover?e=1779152400&v=beta&t=durtp5M9bMjlTd6s8G86jGpitvYE8Le4kPMNEglTfmw","851","148","https://media.licdn.com/dms/image/v2/D4E1BAQFDnxfiyxrTVQ/company-background_400/B4EZ3_HrnQIMAQ-/0/1778101697191/consultorio_psicolgico_s_o_s_cover?e=1779152400&v=beta&t=5-epx9lUnAjGFcEhh8hSFzJndDLb7f-VIu-p98A705w","400","74","https://media.licdn.com/dms/image/v2/D4E1BAQFDnxfiyxrTVQ/company-background_200/B4EZ3_HrnQIMAU-/0/1778101697190/consultorio_psicolgico_s_o_s_cover?e=1779152400&v=beta&t=FDO16EKv8Zrm7_eEwghfKjsGsf34V3w3lWMlF7RqDU8","200","https://wa.me/51917022215","Centro Psicológico S.O.S es un espacio de atención en salud mental orientado a la evaluación, diagnóstico e intervención psicológica en población adolescente y adulta.

Trabajamos desde un enfoque clínico basado en evidencia, integrando principalmente la terapia cognitivo conductual para el abordaje de problemáticas emocionales, conductuales y relacionales.

Brindamos servicios de psicoterapia, evaluación psicológica integral, orientación familiar y desarrollo de talleres psicoeducativos enfocados en ansiedad, regulación emocional y relaciones interpersonales.

Nuestro compromiso es ofrecer una atención ética, profesional y centrada en el bienestar del paciente.","1",,"10","2","9",,,,"2019",,"113262456","Hospitals and Health Care > Medical Practices > Mental Health Care","139","Mental Health Care","Mental Health Care","urn:li:fsd_industry:139","https://www.linkedin.com/jobs/search?geoId=92000000&f_C=113262456","https://www.linkedin.com/company/consultorio-psicol%C3%B3gico-s-o-s/","Lima","PE","Sede",,"true",,,"Lima","Peru","PE","Peru",,"Lima","Lima, Peru",,"https://media.licdn.com/dms/image/v2/D4E0BAQGyQNbnnRN8Yw/company-logo_400_400/B4EZ36IvzjIAAY-/0/1778018090505?e=1779926400&v=beta&t=QTGM-o0pi0xvxWorsv9V25emRofUS04IQFY8_C2M46g","400","https://media.licdn.com/dms/image/v2/D4E0BAQGyQNbnnRN8Yw/company-logo_400_400/B4EZ36IvzjIAAY-/0/1778018090505?e=1779926400&v=beta&t=QTGM-o0pi0xvxWorsv9V25emRofUS04IQFY8_C2M46g","400","200","https://media.licdn.com/dms/image/v2/D4E0BAQGyQNbnnRN8Yw/company-logo_200_200/B4EZ36IvzjIAAI-/0/1778018090505?e=1779926400&v=beta&t=kBr0jcZYI3PICp8d-_EHLSU-VLs5KqbgDoo4s3tRFJU","200","100","https://media.licdn.com/dms/image/v2/D4E0BAQGyQNbnnRN8Yw/company-logo_100_100/B4EZ36IvzjIAAM-/0/1778018090505?e=1779926400&v=beta&t=lr47L5DaUz6NdVQxuJzDhIjwpUwigvagFqswDW1_nys","100","Consultorio Psicológico S.O.S","COMPANY","false",,,,,,,,,,,,,"Evaluación e intervención psicológica con enfoque clínico y basado en evidencia","consultorio-psicológico-s-o-s","https://wa.me/51917022215","113262456","https://www.linkedin.com/company/consultorio-psicol%C3%B3gico-s-o-s/",,"400","https://media.licdn.com/dms/image/v2/D4E0BAQGyQNbnnRN8Yw/company-logo_400_400/B4EZ36IvzjIAAY-/0/1778018090505?e=1779926400&v=beta&t=QTGM-o0pi0xvxWorsv9V25emRofUS04IQFY8_C2M46g","400","200","https://media.licdn.com/dms/image/v2/D4E0BAQGyQNbnnRN8Yw/company-logo_200_200/B4EZ36IvzjIAAI-/0/1778018090505?e=1779926400&v=beta&t=kBr0jcZYI3PICp8d-_EHLSU-VLs5KqbgDoo4s3tRFJU","200","100","https://media.licdn.com/dms/image/v2/D4E0BAQGyQNbnnRN8Yw/company-logo_100_100/B4EZ36IvzjIAAM-/0/1778018090505?e=1779926400&v=beta&t=lr47L5DaUz6NdVQxuJzDhIjwpUwigvagFqswDW1_nys","100","https://media.licdn.com/dms/image/v2/D4E0BAQGyQNbnnRN8Yw/company-logo_400_400/B4EZ36IvzjIAAY-/0/1778018090505?e=1779926400&v=beta&t=QTGM-o0pi0xvxWorsv9V25emRofUS04IQFY8_C2M46g","Consultorio Psicológico S.O.S","consultorio-psicológico-s-o-s","- Evaluación psicológica integral de niños, adolescentes y adultos mediante baterías psicométricas, pruebas proyectivas e informes diagnósticos detallados.
- Detección y seguimiento de dificultades conductuales, emocionales y de aprendizaje; diseño de planes de intervención individualizados.
- Diseño y conducción de talleres de psicoeducación sobre gestión emocional, habilidades sociales, convivencia y prevención de conductas de riesgo.
- Orientación a padres de familia y coordinación con equipos multidisciplinarios para el abordaje integral de casos.
- Intervención en crisis y seguimiento de casos complejos bajo criterios DSM-5 / CIE-11.","7 yrs 3 mos",,"Present",,"Лима","Psicólogo Clínico | Director – Centro Psicológico S.O.S",,,,,,,,,,,"Mar","Mar 2019","2019","Hybrid","128","134",,"Psicólogo clínico con más de 6 años de experiencia en evaluación e intervención psicológica en población infantil, adolescente y adulta, en contextos clínicos y educativos, con formación en terapia cognitivo conductual y especialización en curso en terapia dialéctica conductual (DBT). Cuento con experiencia en el diseño e implementación de programas de bienestar estudiantil, escuela de padres, orientación vocacional y promoción de la convivencia escolar, trabajando de manera articulada con equipos multidisciplinarios y áreas académicas para contribuir al desarrollo integral de estudiantes y pacientes. Manejo la aplicación e interpretación de pruebas psicométricas y proyectivas, así como la atención de casos de ansiedad, depresión, dificultades conductuales e intervención en crisis, además de experiencia en coordinación de equipos y optimización de procesos en entornos de salud. Interesado en oportunidades vinculadas a bienestar estudiantil, gestión educativa y atención psicológica en instituciones de educación superior y centros clínicos."
"Alexis","Quiroz Allende","https://www.linkedin.com/in/alexis-quiroz-allende-099b1625b","Psicólogo | Trabajo en Coordinación de Tutoría y Orientación | TCC | Bienestar y Desarrollo Humano | Interés en Psicología Organizacional | Coordinador de tutores",,"false","true","aquiroz@senati.edu.pe",,"false","80","valid","true","PE","Lima Metropolitan Area","Lima","Peru","PE","Peru",,"Lima","Lima, Peru","true",,"false","https://media.licdn.com/dms/image/v2/D4E1BAQFm6VnS7DQfXg/company-background_10000/B4EZpKS0_nIIAU-/0/1762183059002/senati_cover?e=1779152400&v=beta&t=OVdH46Qw2jwPZhvIZO9zps-es2wruFTv3XTHX0PJKnk","1000","https://media.licdn.com/dms/image/v2/D4E1BAQFm6VnS7DQfXg/company-background_10000/B4EZpKS0_nIIAU-/0/1762183059002/senati_cover?e=1779152400&v=beta&t=OVdH46Qw2jwPZhvIZO9zps-es2wruFTv3XTHX0PJKnk","6000","66","https://media.licdn.com/dms/image/v2/D4E1BAQFm6VnS7DQfXg/company-background_400/B4EZpKS0_nIIAY-/0/1762183059002/senati_cover?e=1779152400&v=beta&t=3D09eEbzUlHeLD-9FqWyjLAYh1ufvxCcg2AjQeiZSjQ","400","33","https://media.licdn.com/dms/image/v2/D4E1BAQFm6VnS7DQfXg/company-background_200/B4EZpKS0_nIIAc-/0/1762183059002/senati_cover?e=1779152400&v=beta&t=u0-9zhZ50-kCzToeU4ubbx9Qc8cIC1eV5EK-TY6GIyI","200","http://www.senati.edu.pe","SENATI es el mejor instituto por 15 años consecutivos según Ipsos. Institución líder en formación tecnológica superior del Perú. Nuestros 63 años de trayectoria nos han convertido en los líderes de la formación tecnológica del Perú, con los más de 470 mil egresados que contribuyen al desarrollo del país y siendo pioneros en la formación dual SENATI- EMPRESA. Poseemos equipamiento tecnológico vigente en la industria, estamos presentes en las 25 regiones del país, ofrecemos más de 70 carreras con alta demanda por los empleadores y brindamos más de 3,800 cursos de formación continua, por lo que nuestros egresados acceden a una elevada tasa de empleabilidad, contribuyendo así a revolucionar la industria nacional.","6788",,"5000","1001","145062",,,,"1961",,"708533","Education > Higher Education","68","Higher Education","Higher Education","urn:li:fsd_industry:68","https://www.linkedin.com/jobs/search?geoId=92000000&f_C=708533","https://www.linkedin.com/school/senati/",,"PE",,,"true",,,,"Peru","PE","Peru",,,"Peru",,"https://media.licdn.com/dms/image/v2/D4E0BAQH6i9hcP9vE3w/company-logo_400_400/company-logo_400_400/0/1696266737298/senati_logo?e=1779926400&v=beta&t=c7F0YujELWzp7T3o2Dc7NHlRaCz_o21HqpA1XXnIErk","400","https://media.licdn.com/dms/image/v2/D4E0BAQH6i9hcP9vE3w/company-logo_400_400/company-logo_400_400/0/1696266737298/senati_logo?e=1779926400&v=beta&t=c7F0YujELWzp7T3o2Dc7NHlRaCz_o21HqpA1XXnIErk","400","200","https://media.licdn.com/dms/image/v2/D4E0BAQH6i9hcP9vE3w/company-logo_200_200/company-logo_200_200/0/1696266737298/senati_logo?e=1779926400&v=beta&t=alEhT76v22e_dCV2354GovbNZZKuH3mQ79aldbSCzto","200","100","https://media.licdn.com/dms/image/v2/D4E0BAQH6i9hcP9vE3w/company-logo_100_100/company-logo_100_100/0/1696266737298/senati_logo?e=1779926400&v=beta&t=ngc6DvE-cZs_pUxL0JefdGUDNn_Ne0om9dvlcA_3Y90","100","SENATI","SCHOOL","true",,,,"Formación Profesional","Capacitación Profesional","Servicios Técnicos","Asesoría Técnica",,,,,,"Somos la institución que forma a los mejores profesionales técnicos por Encima de todo.
","senati","http://www.senati.edu.pe","708533","https://www.linkedin.com/school/senati/",,"400","https://media.licdn.com/dms/image/v2/D4E0BAQH6i9hcP9vE3w/company-logo_400_400/company-logo_400_400/0/1696266737298/senati_logo?e=1779926400&v=beta&t=c7F0YujELWzp7T3o2Dc7NHlRaCz_o21HqpA1XXnIErk","400","200","https://media.licdn.com/dms/image/v2/D4E0BAQH6i9hcP9vE3w/company-logo_200_200/company-logo_200_200/0/1696266737298/senati_logo?e=1779926400&v=beta&t=alEhT76v22e_dCV2354GovbNZZKuH3mQ79aldbSCzto","200","100","https://media.licdn.com/dms/image/v2/D4E0BAQH6i9hcP9vE3w/company-logo_100_100/company-logo_100_100/0/1696266737298/senati_logo?e=1779926400&v=beta&t=ngc6DvE-cZs_pUxL0JefdGUDNn_Ne0om9dvlcA_3Y90","100","https://media.licdn.com/dms/image/v2/D4E0BAQH6i9hcP9vE3w/company-logo_400_400/company-logo_400_400/0/1696266737298/senati_logo?e=1779926400&v=beta&t=c7F0YujELWzp7T3o2Dc7NHlRaCz_o21HqpA1XXnIErk","SENATI","senati","Me desempeño como Psicólogo Clínico en SENATI, brindando atención psicológica a estudiantes con diversas problemáticas relacionadas a su bienestar emocional, principalmente ansiedad, depresión y dificultades familiares, mediante intervenciones individuales.

Formo parte de la Coordinación de Tutoría y Orientación al Estudiante, donde participo en el diseño, implementación y seguimiento de programas orientados al desarrollo integral y bienestar de la población estudiantil.

Asimismo, facilito webinars y conferencias sobre salud mental, promoviendo la prevención y el fortalecimiento de habilidades emocionales.

Trabajo de manera articulada con docentes y equipos institucionales, realizando seguimiento de casos y acompañamiento académico-emocional. Además, brindo orientación a estudiantes y padres de familia, y participo en funciones administrativas que contribuyen a la gestión eficiente del área.","2 yrs 10 mos","Full-time","Present",,"Lima, Peru","Psicólogo",,"Atención a la salud mental","Servicio de atención al cliente","Psicología","Tutoría","Coordinación de programas","Psychology","Psicología clínica","Group Work","Gestión de proyectos","Aug","Aug 2023","2023","On-site","1","1","Gestión de proyectos • Psicología • Evaluaciones psicológicas • Recursos humanos (RR. HH.) • Gestión","Psicólogo clínico con más de 4 años de experiencia, principalmente en el trabajo con jóvenes en contextos educativos, abordando problemáticas como ansiedad, depresión y dificultades familiares. Cuento también con experiencia en la atención de niños, adolescentes, adultos y adultos mayores, lo que me ha permitido desarrollar un enfoque adaptativo frente a diversas poblaciones.
 
Especialista en terapia cognitivo-conductual (TCC), enfocado en intervenciones prácticas orientadas al bienestar emocional.
 
Actualmente formo parte de la coordinación de tutoría y orientación al estudiante en SENATI, donde participo en el acompañamiento integral de estudiantes, trabajando de manera articulada con docentes y equipos institucionales. También cuento con experiencia en la coordinación de programas, facilitación de webinars sobre salud mental y gestión administrativa.
 
Cuento con un diplomado en psicología clínica y organizacional, lo que refuerza mi interés en el ámbito organizacional, especialmente en bienestar laboral, salud mental en el trabajo y desarrollo humano dentro de empresas.
 
Busco oportunidades donde pueda aportar al crecimiento de las personas y las organizaciones."
"Jhordy","Delgado Peralta","https://www.linkedin.com/in/jhordydelgadoperalta","Psicólogo l Psicogerontología l Neuroeducación",,"true",,"jhordy.delgado@cpsplimaycallao.com.pe",,"false","60","risky","true","PE","Peru",,"Peru","PE","Peru",,,"Peru","true",,"false",,,,,,,,,,,"http://www.cpsplimaycallao.com.pe/","Institución oficial de los profesionales psicólogos del Consejo Directivo Regional I Lima y Callao, velamos y potenciamos las capacidades de nuestros colegiados","23",,"50","11","394",,,,"1980",,"89195842","Consumer Services > Non-profit Organizations","100","Non-profit Organization Management","Non-profit Organizations","urn:li:fsd_industry:100","https://www.linkedin.com/jobs/search?geoId=92000000&f_C=89195842","https://www.linkedin.com/company/colegiodepsicologoslimaycallao/","Lima","PE","Sede Central","Lima","true","Av. San Felipe  555, Jesús María",,"Lima","Peru","PE","Peru",,"Lima","Lima, Peru",,"https://media.licdn.com/dms/image/v2/D4E0BAQFGYlx8SwSM-g/company-logo_400_400/company-logo_400_400/0/1665676968344?e=1779926400&v=beta&t=sb2TuVgOlwt8zuZepvBXMFXRWAtgaCYUq6rPz5hTiFc","400","https://media.licdn.com/dms/image/v2/D4E0BAQFGYlx8SwSM-g/company-logo_400_400/company-logo_400_400/0/1665676968344?e=1779926400&v=beta&t=sb2TuVgOlwt8zuZepvBXMFXRWAtgaCYUq6rPz5hTiFc","400","200","https://media.licdn.com/dms/image/v2/D4E0BAQFGYlx8SwSM-g/company-logo_200_200/company-logo_200_200/0/1665676968344?e=1779926400&v=beta&t=prW8tecZG23eHbZVAOqzbDAgnXDoK9X2HyGtCT4SYFM","200","100","https://media.licdn.com/dms/image/v2/D4E0BAQFGYlx8SwSM-g/company-logo_100_100/company-logo_100_100/0/1665676968344?e=1779926400&v=beta&t=em_PUQwml3ME87lSpxWjUsPDJ7nsCgXh-AanhhxLpNY","100","Colegio de Psicólogos CDR - I Lima y Callao - Oficial","COMPANY","false",,,,"psicología","psicologos",,,,,,,,,"colegiodepsicologoslimaycallao","http://www.cpsplimaycallao.com.pe/","89195842","https://www.linkedin.com/company/colegiodepsicologoslimaycallao/",,"400","https://media.licdn.com/dms/image/v2/D4E0BAQFGYlx8SwSM-g/company-logo_400_400/company-logo_400_400/0/1665676968344?e=1779926400&v=beta&t=sb2TuVgOlwt8zuZepvBXMFXRWAtgaCYUq6rPz5hTiFc","400","200","https://media.licdn.com/dms/image/v2/D4E0BAQFGYlx8SwSM-g/company-logo_200_200/company-logo_200_200/0/1665676968344?e=1779926400&v=beta&t=prW8tecZG23eHbZVAOqzbDAgnXDoK9X2HyGtCT4SYFM","200","100","https://media.licdn.com/dms/image/v2/D4E0BAQFGYlx8SwSM-g/company-logo_100_100/company-logo_100_100/0/1665676968344?e=1779926400&v=beta&t=em_PUQwml3ME87lSpxWjUsPDJ7nsCgXh-AanhhxLpNY","100","https://media.licdn.com/dms/image/v2/D4E0BAQFGYlx8SwSM-g/company-logo_400_400/company-logo_400_400/0/1665676968344?e=1779926400&v=beta&t=sb2TuVgOlwt8zuZepvBXMFXRWAtgaCYUq6rPz5hTiFc","Colegio de Psicólogos CDR - I Lima y Callao - Oficial","colegiodepsicologoslimaycallao",,"1 yr 1 mo","Part-time","Present",,,"Psicólogo Comité de Psicogerontologia",,,,,,,,,,,"May","May 2025","2025","Hybrid","1483","1559","Trabajo en equipo • Comunicación","Titulado y colegiado en psicología con orientación clínica - educativa.

Estoy comprometido con la promoción de un entorno saludable y el desarrollo integral de las personas a través de la psicología y educación."
"José Mariano","Moscoso Pineda","https://www.linkedin.com/in/josé-mariano-moscoso-pineda-08a5042b7","Licenciado en Psicología de la Universidad Peruana Cayetano Heredia",,,,,,,,,,"PE","Peru",,"Peru","PE","Peru",,,"Peru","true",,"false","https://media.licdn.com/dms/image/v2/D4D1BAQELbr9fGHa5qg/company-background_10000/company-background_10000/0/1654955412540/monterrico_psicologo_cover?e=1779152400&v=beta&t=tVOBSIkeOFpmEG7HtRxYqNYTMl2F90vzVVbc7jhox14","600","https://media.licdn.com/dms/image/v2/D4D1BAQELbr9fGHa5qg/company-background_10000/company-background_10000/0/1654955412540/monterrico_psicologo_cover?e=1779152400&v=beta&t=tVOBSIkeOFpmEG7HtRxYqNYTMl2F90vzVVbc7jhox14","2000","120","https://media.licdn.com/dms/image/v2/D4D1BAQELbr9fGHa5qg/company-background_400/company-background_400/0/1654955412540/monterrico_psicologo_cover?e=1779152400&v=beta&t=xhEgdrmO_kmFjfNJ-p9rjuIdEUbfLiHIGHY20Lm4aqs","400","60","https://media.licdn.com/dms/image/v2/D4D1BAQELbr9fGHa5qg/company-background_200/company-background_200/0/1654955412540/monterrico_psicologo_cover?e=1779152400&v=beta&t=BmeAuUTQfss6Ym9ih_UvUFg-fuEGNSai44dwFcEJUdQ","200","https://psicologomonterrico.pe/terapia-online/","La plataforma digital  PSICÓLOGO MONTERRICO es una institución con estándares superiores de calidad de servicio,  amplio alcance de recepción de pacientes, desarrollo de psicólogos y buen ambiente laboral. Buscamos en nuestros pacientes, generar la responsabilidad con uno mismo y a la recuperación de la estabilidad mental, a través de la prestación de servicios de alta complejidad, centrados en la persona y , con un equipo humano cálido y calificado para alcanzar desenlaces y , promover la búsqueda de la calidad de vida y la permanencia de esta a través del tiempo.","62",,"50","11","6096",,,,"2010",,"80386003","Hospitals and Health Care > Medical Practices > Mental Health Care","139","Mental Health Care","Mental Health Care","urn:li:fsd_industry:139","https://www.linkedin.com/jobs/search?geoId=92000000&f_C=80386003","https://www.linkedin.com/company/monterrico-psicologo/","Lima","PE","Sede","Lima","true","15023","704","Lima","Peru","PE","Peru",,"Lima","Lima, Peru","01","https://media.licdn.com/dms/image/v2/C4E0BAQGGLIHMuQ9gdA/company-logo_400_400/company-logo_400_400/0/1634929321349?e=1779926400&v=beta&t=HA4B7Fce0YjXLGSIKPjmeqmQo_0ZwMnyNajy4knCIPs","400","https://media.licdn.com/dms/image/v2/C4E0BAQGGLIHMuQ9gdA/company-logo_400_400/company-logo_400_400/0/1634929321349?e=1779926400&v=beta&t=HA4B7Fce0YjXLGSIKPjmeqmQo_0ZwMnyNajy4knCIPs","400","200","https://media.licdn.com/dms/image/v2/C4E0BAQGGLIHMuQ9gdA/company-logo_200_200/company-logo_200_200/0/1634929321349?e=1779926400&v=beta&t=fkrdvJSJ3KQ-3kfASK4I1W-vmaykanhUCtoKN0dwUEU","200","100","https://media.licdn.com/dms/image/v2/C4E0BAQGGLIHMuQ9gdA/company-logo_100_100/company-logo_100_100/0/1634929321349?e=1779926400&v=beta&t=1rr6GU60R5c-S9KnkI0T2UuCScgfpJQCQjaCuQC3FDU","100","Psicólogo Monterrico","COMPANY","false",,,"+51 927 038 747","Salud mental","Psicoterapia Gestalt","Bienestar",,,,,,,"Somos equipo de 80 psicólogos altamente calificados con el objetivo de brindarte el bienestar que buscas en tu vida","monterrico-psicologo","https://psicologomonterrico.pe/terapia-online/","80386003","https://www.linkedin.com/company/80386003/",,"400","https://media.licdn.com/dms/image/v2/C4E0BAQGGLIHMuQ9gdA/company-logo_400_400/company-logo_400_400/0/1634929321349?e=1779926400&v=beta&t=HA4B7Fce0YjXLGSIKPjmeqmQo_0ZwMnyNajy4knCIPs","400","200","https://media.licdn.com/dms/image/v2/C4E0BAQGGLIHMuQ9gdA/company-logo_200_200/company-logo_200_200/0/1634929321349?e=1779926400&v=beta&t=fkrdvJSJ3KQ-3kfASK4I1W-vmaykanhUCtoKN0dwUEU","200","100","https://media.licdn.com/dms/image/v2/C4E0BAQGGLIHMuQ9gdA/company-logo_100_100/company-logo_100_100/0/1634929321349?e=1779926400&v=beta&t=1rr6GU60R5c-S9KnkI0T2UuCScgfpJQCQjaCuQC3FDU","100","https://media.licdn.com/dms/image/v2/C4E0BAQGGLIHMuQ9gdA/company-logo_400_400/company-logo_400_400/0/1634929321349?e=1779926400&v=beta&t=HA4B7Fce0YjXLGSIKPjmeqmQo_0ZwMnyNajy4knCIPs","Psicólogo Monterrico",,,"5 mos","Full-time","Present",,,"Psicólogo clínico",,,,,,,,,,,"Jan","Jan 2026","2026",,"696","705","Psicología • Evaluaciones psicológicas • Salud mental • Terapia psicológica","Estudiante de la Universidad Peruana Cayetano Heredia. Soy una persona proactiva, organizada y responsable, con excelentes relaciones interpersonales. Me destaco por el trabajo en equipo, la rápida toma de decisiones y el manejo de la presión. Cuento con conocimiento en las áreas clínica y de la salud, educacional, organizacional y social comunitaria además de previa experiencia habiendo intervenido en colegios, hospitales y sesiones orientación y consejería psicológica, entrevistas y manejo de pruebas psicométricas, neuropsicológicas, psicopatológicas y proyectivas. Busco un puesto de trabajo dinámico y desafiante para continuar desarrollo profesional."
"Jesús Pablo","Rios Hinostroza","https://www.linkedin.com/in/jesús-pablo-rios-hinostroza","Psicólogo Clínico ( C.Ps.P 66281) | Psicoterapeuta con especialización en Técnicas Cognitivas Conductuales | Especialista en Trastornos de Déficit de Atención TDA y TDAH",,,,,,,,,,"PE","Peru",,"Peru","PE","Peru",,,"Peru",,,,,,,,,,,,,,,,,,,,,,,,,,,,,,,,,,,,,,,,,,,,,,,,,,,,,,,,,,,,,,,,,,,,,,,,,,,,,,"https://www.linkedin.com/search/results/all/?keywords=Neuralife+Salud",,,,,,,,,,,,"Neuralife Salud",,"• Realización de entrevistas diagnósticas e historias clínicas integrales para pacientes de consulta externa.
• Tratamiento psicoterapéutico de trastornos comunes como Ansiedad (F41.1), Depresión y trastornos adaptativos, entre otros.
• Gestión de derivaciones e interconsultas con las especialidades de Psiquiatría y Neurología para un abordaje multidisciplinario.
• Diseño y seguimiento de planes de tratamiento mediante el uso de recetarios de indicaciones terapéuticas y técnicas de modificación de conducta.","3 mos","Part-time","Present",,"Santiago de Surco, Perú","Psicólogo clínico",,"Evaluaciones psicológicas","Terapia psicológica","Psicología clínica","Historia clínica","Terapias cognitivo-conductuales","Terapia para la salud mental",,,,"Mar","Mar 2026","2026","On-site","1657","1668",,"Psicólogo clínico colegiado (N.° 66281), especializado en Terapia Cognitivo Conductual, Psicoterapia de Pareja y
abordaje de TDA/TDAH. Experiencia en atención psicoterapéutica de niños, adolescentes, adultos y parejas, en modalidad presencial y remota. Formación complementaria en neuropsicología, adicciones y salud mental, con participación en proyectos universitarios e intercambios académicos nacionales e internacionales. De esta forma, me considero un profesional dispuesto a poner en práctica todo mi conocimiento y experiencia al cuidado,
acompañamiento y apoyo integral de cada paciente, promoviendo procesos de cambio, crecimiento y sanación."
