"firstName","lastName","linkedinUrl","headline","emails","emails/0/catchAllDomain","emails/0/deliverable","emails/0/email","emails/0/foundInLinkedInProfile","emails/0/free","emails/0/qualityScore","emails/0/status","emails/0/validEmailServer","location/countryCode","location/linkedinText","location/parsed/city","location/parsed/country","location/parsed/countryCode","location/parsed/countryFull","location/parsed/regionCode","location/parsed/state","location/parsed/text","currentPosition/0/company/active","currentPosition/0/company/announcement","currentPosition/0/company/autoGenerated","currentPosition/0/company/backgroundCover","currentPosition/0/company/backgroundCovers/0/height","currentPosition/0/company/backgroundCovers/0/url","currentPosition/0/company/backgroundCovers/0/width","currentPosition/0/company/backgroundCovers/1/height","currentPosition/0/company/backgroundCovers/1/url","currentPosition/0/company/backgroundCovers/1/width","currentPosition/0/company/backgroundCovers/2/height","currentPosition/0/company/backgroundCovers/2/url","currentPosition/0/company/backgroundCovers/2/width","currentPosition/0/company/callToActionUrl","currentPosition/0/company/description","currentPosition/0/company/employeeCount","currentPosition/0/company/employeeCountRange/end","currentPosition/0/company/employeeCountRange/start","currentPosition/0/company/followerCount","currentPosition/0/company/foundedOn","currentPosition/0/company/foundedOn/day","currentPosition/0/company/foundedOn/month","currentPosition/0/company/foundedOn/year","currentPosition/0/company/fundingData","currentPosition/0/company/id","currentPosition/0/company/industries/0/hierarchy","currentPosition/0/company/industries/0/id","currentPosition/0/company/industries/0/name","currentPosition/0/company/industries/0/title","currentPosition/0/company/industries/0/urn","currentPosition/0/company/jobSearchUrl","currentPosition/0/company/linkedinUrl","currentPosition/0/company/location/city","currentPosition/0/company/location/country","currentPosition/0/company/location/description","currentPosition/0/company/location/geographicArea","currentPosition/0/company/location/headquarter","currentPosition/0/company/location/line1","currentPosition/0/company/location/line2","currentPosition/0/company/location/parsed/city","currentPosition/0/company/location/parsed/country","currentPosition/0/company/location/parsed/countryCode","currentPosition/0/company/location/parsed/countryFull","currentPosition/0/company/location/parsed/regionCode","currentPosition/0/company/location/parsed/state","currentPosition/0/company/location/parsed/text","currentPosition/0/company/location/postalCode","currentPosition/0/company/logo","currentPosition/0/company/logos/0/height","currentPosition/0/company/logos/0/url","currentPosition/0/company/logos/0/width","currentPosition/0/company/logos/1/height","currentPosition/0/company/logos/1/url","currentPosition/0/company/logos/1/width","currentPosition/0/company/logos/2/height","currentPosition/0/company/logos/2/url","currentPosition/0/company/logos/2/width","currentPosition/0/company/name","currentPosition/0/company/pageType","currentPosition/0/company/pageVerified","currentPosition/0/company/phone","currentPosition/0/company/phone/extension","currentPosition/0/company/phone/number","currentPosition/0/company/specialities/0","currentPosition/0/company/specialities/1","currentPosition/0/company/specialities/2","currentPosition/0/company/specialities/3","currentPosition/0/company/specialities/4","currentPosition/0/company/specialities/5","currentPosition/0/company/specialities/6","currentPosition/0/company/specialities/7","currentPosition/0/company/specialities/8","currentPosition/0/company/specialities/9","currentPosition/0/company/specialities/10","currentPosition/0/company/specialities/11","currentPosition/0/company/specialities/12","currentPosition/0/company/specialities/13","currentPosition/0/company/specialities/14","currentPosition/0/company/specialities/15","currentPosition/0/company/specialities/16","currentPosition/0/company/specialities/17","currentPosition/0/company/specialities/18","currentPosition/0/company/specialities/19","currentPosition/0/company/specialities/20","currentPosition/0/company/specialities/21","currentPosition/0/company/specialities/22","currentPosition/0/company/specialities/23","currentPosition/0/company/specialities/24","currentPosition/0/company/specialities/25","currentPosition/0/company/specialities/26","currentPosition/0/company/specialities/27","currentPosition/0/company/specialities/28","currentPosition/0/company/specialities/29","currentPosition/0/company/specialities/30","currentPosition/0/company/tagline","currentPosition/0/company/universalName","currentPosition/0/company/website","currentPosition/0/companyId","currentPosition/0/companyLinkedinUrl","currentPosition/0/companyLogo/sizes/0/height","currentPosition/0/companyLogo/sizes/0/url","currentPosition/0/companyLogo/sizes/0/width","currentPosition/0/companyLogo/sizes/1/height","currentPosition/0/companyLogo/sizes/1/url","currentPosition/0/companyLogo/sizes/1/width","currentPosition/0/companyLogo/sizes/2/height","currentPosition/0/companyLogo/sizes/2/url","currentPosition/0/companyLogo/sizes/2/width","currentPosition/0/companyLogo/url","currentPosition/0/companyName","currentPosition/0/companyUniversalName","currentPosition/0/description","currentPosition/0/duration","currentPosition/0/employmentType","currentPosition/0/endDate/text","currentPosition/0/experienceGroupId","currentPosition/0/location","currentPosition/0/position","currentPosition/0/skills","currentPosition/0/skills/0","currentPosition/0/skills/1","currentPosition/0/skills/2","currentPosition/0/skills/3","currentPosition/0/skills/4","currentPosition/0/skills/5","currentPosition/0/skills/6","currentPosition/0/skills/7","currentPosition/0/skills/8","currentPosition/0/skills/9","currentPosition/0/skills/10","currentPosition/0/skills/11","currentPosition/0/startDate/month","currentPosition/0/startDate/text","currentPosition/0/startDate/year","currentPosition/0/workplaceType","connectionsCount","followerCount","topSkills","about"
"Carla","Bocanegra","https://www.linkedin.com/in/carlabocanegra","Bióloga | Neuroeducadora | Master Coach ICF Académica | Especialista TDAH & Funciones Ejecutivas | Fundadora de Time4Learning CB | Podcaster en #YoTeEscucho | Capacitadora",,,,,,,,,,"PE","Peru",,"Peru","PE","Peru",,,"Peru",,,,,,,,,,,,,,,,,,,,,,,,,,,,,,,,,,,,,,,,,,,,,,,,,,,,,,,,,,,,,,,,,,,,,,,,,,,,,,,,,,,,,,,,,,,,,,,,,,,"https://www.linkedin.com/search/results/all/?keywords=TIME+4+LEARNING+BY+CB",,,,,,,,,,,"TIME 4 LEARNING BY CB",,"Asesoría educativa privada para pre-adolescentes y adolescentes regulares, DEA y alto rendimiento en inglés y español en el área de las Ciencias.
Coaching Educativo para adolescentes y pre-adolescentes con DEA
Asesoría educativa privada para universitarios en el área de las Ciencias.
Capacitación docente.","8 yrs 5 mos",,"Present",,"Lima Province, Peru","NEUROEDUCADORA, COACH EDUCATIVA, CAPACITADORA Y ASESORA EDUCATIVA ",,"Enseñanza del inglés como lengua extranjera","Aptitudes para la supervisión","Psicología","Coaching","Psicopedagogía","Compromiso","Pedagogía",,,,,,"Jan","Jan 2018","2018",,"610","835",,"🔹 Hago visible lo invisible en PRO de la educación.
Soy Neuroeducadora y Coach en Funciones Ejecutivas especializada en ayudar a adolescentes, adultos y familias con TDAH y DEA a desarrollar estrategias para mejorar su aprendizaje, organización y bienestar. Mi propósito es fortalecer el autoconcepto e incrementar la fuerza de voluntad para que sean exitosos en sus diversas áreas de vida.

🎯 Como fundadora de Time4Learning CB y adulto TDAH me comprometo en brindar servicios neuroeducativos y cognitivos que ayuden a la búsqueda, el conocimiento, la reflexión y toma eficiente/efectiva de decisiones para favorecer su día a día tanto a nuestros tutoriados/coachée como a sus familias.

🔊También soy Capacitadora en neuroeducación, inclusión educativa y funciones ejecutivas. Además, desde YoTeEscucho🎙️Neuropodcast brindo de manera gratuita los mejores temas de educación/psicología/coaching que los padres y docentes desean conocer junto con el acompañamiento altruista de grandes invitados que desde su experiencia comparten consejos y sugerencias.

📌 Experiencia:
✅ Más de 15 años de enseñanza en la Educación Inclusiva y Neuroeducación
✅ Experiencia en las áreas de Matemática, Biología y Química para primaria y secundaria.
✅ Experiencia en la enseñanza regular y en Bachillerato Internacional (IB)
✅ Capacitadora para padres y docentes.
✅ Capacitadora en Funciones Ejecutivas para jóvenes, adolescentes y adultos.

📚 Formación:
🎓 Máster en Educación | Universidad Internacional Iberoamericana de México
🎓 Máster en Coaching Ontológico y Sistémico - ICF | Escuela Internacional de Coaching (España)
🎓 Diplomado en Neuroeducación | Universidad Nacional Villa María (Argentina)
🎓 Diplomado en Abordaje Cognitivo Conductual en Niños y Adolescentes | Universidad Científica del Sur
🎓 Diplomado en Dirección y Gestión de Institucines Educativas | Universidad de Piura

🔗 Conectemos: Siempre busco colaborar con profesionales que comparten mi visión. ¡Escríbeme!"
"Patricia","Sausa","https://www.linkedin.com/in/patricia-sausa-coachmentora","“Impulso a personas y equipos hacia su mejor versión | Coach Antropológica y Ontológica (IAC) | Mentora Ejecutiva | Directora Perú MLA | Speaker y Facilitadora de Negocios”",,,,,,,,,,"PE","Peru",,"Peru","PE","Peru",,,"Peru",,,,,,,,,,,,,,,,,,,,,,,,,,,,,,,,,,,,,,,,,,,,,,,,,,,,,,,,,,,,,,,,,,,,,,,,,,,,,,,,,,,,,,,,,,,,,,,,,,,"https://www.linkedin.com/search/results/all/?keywords=+Procesos+de+Cambio%2C+Evoluci%C3%B3n+Personal+y+Transformaci%C3%B3n+Organizacional",,,,,,,,,,,"Procesos de Cambio, Evolución Personal y Transformación Organizacional",,"Mi enfoque integra el desarrollo personal, profesional y organizacional a través de procesos que combinan coaching individual y grupal, mentorías estratégicas y capacitaciones vivenciales. Cada acompañamiento es único: adapto herramientas de coaching y mejora continua a las necesidades reales de cada persona y equipo.

Diseño espacios reflexivos y creativos donde se conectan la estrategia con la acción, y donde cada individuo puede descubrir y fortalecer sus talentos, tanto técnicos como emocionales y de liderazgo. Así, logramos que los objetivos personales y profesionales se alineen con un propósito más profundo.

Mi labor está orientada a:

Fortalecer equipos y construir culturas de alto valor.
Promover liderazgo compartido y gestión del cambio con resiliencia.
Impulsar la mejora continua, el aprendizaje constante y el bienestar como parte de los resultados sostenibles.

✨ Mi propósito es acompañar a personas y organizaciones a alcanzar su mejor versión con foco, conciencia y conexión. Para ello:

Ayudo a identificar fortalezas y áreas de mejora.
Potencio habilidades clave —técnicas, emocionales y estratégicas—.
Facilito la definición de objetivos alineados con valores y propósito.
Promuevo la colaboración, la comunicación efectiva y la confianza.
Inspiro a construir culturas donde el aprendizaje, la innovación y el bienestar sean motores de transformación.","2 yrs 6 mos","Self-employed","Present",,"La Molina, Peru","Coach & Mentor en Desarrollo Humano, Equipos de Alto Valor y Mejora Continua ",,"Hablar en público","Gestión operativa","Liderazgo de equipos multidisciplinarios","Capacitación","Mejora continua","Coaching","Comunicación","Charlas de motivación","Mentoría",,,,"Dec","Dec 2023","2023",,"2045","2155",,"Creo firmemente que el verdadero éxito de una organización nace de su gente. Durante mi trayectoria he acompañado a equipos y profesionales en distintos niveles, desde áreas de ventas hasta puestos estratégicos, y he confirmado que el motor de todo logro está en la comunicación clara, el respeto mutuo y la búsqueda constante de mejora.

He tenido la oportunidad de liderar equipos multidisciplinarios, aprendiendo que cuando las personas se sienten escuchadas, valoradas y guiadas con empatía, los resultados se multiplican.

Hoy, como mentora & coach, mi propósito es acompañar a personas y organizaciones en sus procesos de transformación. Me apasiona brindar herramientas prácticas y humanas que fortalezcan tanto el desempeño profesional como el crecimiento personal, porque creo que ambos van de la mano.

Mi misión es ayudar a que cada persona descubra y libere su mejor versión, venciendo limitaciones y liderando con confianza, empatía y determinación. Mi compromiso es crear espacios donde la comunicación efectiva, el desarrollo humano y la mejora continua se conviertan en pilares de éxito sostenible."
"Katherine","Carranza C.","https://www.linkedin.com/in/katherine-carranza-c-2427ba9b","Founder de Kyaliderando I Coach Comercial I Marketing y VentasI Ecommerce I Gestión Comercial I Gestión B2C y B2B I Estrategias de Fidelización.",,,,,,,,,,"PE","Peru",,"Peru","PE","Peru",,,"Peru","true",,"false","https://media.licdn.com/dms/image/v2/D4E1BAQHw_kcvRePw6A/company-background_10000/company-background_10000/0/1708355002257/grupo_vega_holding_cover?e=1779159600&v=beta&t=4dbcSE5Z3JLN9cpFqHS258vSXThDgemG4sf81ssWFRw","792","https://media.licdn.com/dms/image/v2/D4E1BAQHw_kcvRePw6A/company-background_10000/company-background_10000/0/1708355002257/grupo_vega_holding_cover?e=1779159600&v=beta&t=4dbcSE5Z3JLN9cpFqHS258vSXThDgemG4sf81ssWFRw","4701","67","https://media.licdn.com/dms/image/v2/D4E1BAQHw_kcvRePw6A/company-background_400/company-background_400/0/1708355002257/grupo_vega_holding_cover?e=1779159600&v=beta&t=VOhKIRX_eZ0sI8I6zQW3IYLrjH9rTgFxlIzxRU-1Tlg","400","33","https://media.licdn.com/dms/image/v2/D4E1BAQHw_kcvRePw6A/company-background_200/company-background_200/0/1708355002257/grupo_vega_holding_cover?e=1779159600&v=beta&t=hQDQHI5WtyD-ssCO524glwDuB66hGJhYLeF_1gQtY5A","200","https://www.linkedin.com/company/79693065/admin/feed/posts/","Grupo Vega is the peruvian holding company with more than 25 years in the peruvian market, it has leadership positions with strong competitive advantages in the sectors of mass consumption, retail, distribution, goods transport, sale of hydrocarbons, construction, production and administrative backoffice thtat offers long-term growth potential.","284","5000","1001","20897",,,,,,"79693065","Government Administration > Public Policy Offices > Executive Offices","76","Executive Office","Executive Offices","urn:li:fsd_industry:76","https://www.linkedin.com/jobs/search?geoId=92000000&f_C=79693065","https://www.linkedin.com/company/grupo-vega-holding/","Lima","PE","Sede Norte - Jr. Júpiter Nº 173, Comas - Lima, Peru","Lima","true",,,"Lima","Peru","PE","Peru",,"Lima","Lima, Peru",,"https://media.licdn.com/dms/image/v2/D4D0BAQGrS-FJ1hZGAA/company-logo_400_400/B4DZuVnD8bKAAY-/0/1767741604053/grupo_vega_holding_logo?e=1779926400&v=beta&t=abOJM_2v1c6UAEnxzQ1_vvIPQ3fdV-5k6zGEZfr7dnw","400","https://media.licdn.com/dms/image/v2/D4D0BAQGrS-FJ1hZGAA/company-logo_400_400/B4DZuVnD8bKAAY-/0/1767741604053/grupo_vega_holding_logo?e=1779926400&v=beta&t=abOJM_2v1c6UAEnxzQ1_vvIPQ3fdV-5k6zGEZfr7dnw","400","200","https://media.licdn.com/dms/image/v2/D4D0BAQGrS-FJ1hZGAA/company-logo_200_200/B4DZuVnD8bKAAI-/0/1767741604053/grupo_vega_holding_logo?e=1779926400&v=beta&t=NqPofX1pRNBpLxfFjUzNxUsj151F8o7e7l3ylmFJ63U","200","100","https://media.licdn.com/dms/image/v2/D4D0BAQGrS-FJ1hZGAA/company-logo_100_100/B4DZuVnD8bKAAQ-/0/1767741604053/grupo_vega_holding_logo?e=1779926400&v=beta&t=wjoBuAilyQEiJCRYz5aMQhh77zAC_TwacHNiukrJtqc","100","Grupo Vega Holding","COMPANY","false",,,,"retail","distribucion","hidrocarburos","industria","produccion","transporte","maquila","consumo masivo","backoffice","gestion administrativa",,,,,,,,,,,,,,,,,,,,,,"","grupo-vega-holding",,"79693065","https://www.linkedin.com/company/grupo-vega-holding/","400","https://media.licdn.com/dms/image/v2/D4D0BAQGrS-FJ1hZGAA/company-logo_400_400/B4DZuVnD8bKAAY-/0/1767741604053/grupo_vega_holding_logo?e=1779926400&v=beta&t=abOJM_2v1c6UAEnxzQ1_vvIPQ3fdV-5k6zGEZfr7dnw","400","200","https://media.licdn.com/dms/image/v2/D4D0BAQGrS-FJ1hZGAA/company-logo_200_200/B4DZuVnD8bKAAI-/0/1767741604053/grupo_vega_holding_logo?e=1779926400&v=beta&t=NqPofX1pRNBpLxfFjUzNxUsj151F8o7e7l3ylmFJ63U","200","100","https://media.licdn.com/dms/image/v2/D4D0BAQGrS-FJ1hZGAA/company-logo_100_100/B4DZuVnD8bKAAQ-/0/1767741604053/grupo_vega_holding_logo?e=1779926400&v=beta&t=wjoBuAilyQEiJCRYz5aMQhh77zAC_TwacHNiukrJtqc","100","https://media.licdn.com/dms/image/v2/D4D0BAQGrS-FJ1hZGAA/company-logo_400_400/B4DZuVnD8bKAAY-/0/1767741604053/grupo_vega_holding_logo?e=1779926400&v=beta&t=abOJM_2v1c6UAEnxzQ1_vvIPQ3fdV-5k6zGEZfr7dnw","Grupo Vega","grupo-vega-holding",,"1 yr 5 mos","Full-time","Present",,,"Coach Comercial",,"Desarrollo de habilidades de gestión","Comunicación","Capacitación de ventas","Gestión de ventas","Negociación","Habilidades sociales","Capacidad de análisis","Proyectos de mejora de procesos",,,,,"Jan","Jan 2025","2025",,"733","756",,"Profesional con experiencia en Marketing, Gestión Comercial, Servicio al Cliente y Capacitación de equipos de ventas. Especializada en la planificación y ejecución de estrategias comerciales orientadas a resultados, contribuyendo al crecimiento y posicionamiento de las marcas.

A lo largo de mi trayectoria he acompañado a empresas en el desarrollo y fortalecimiento de equipos comerciales de alto rendimiento, potenciando habilidades clave en ventas, comunicación y servicio al cliente.

Actualmente me desempeño como Coach Comercial, enfocada en capacitar a lideres y fuerzas de ventas para mejorar su desempeño, fortalecer su mentalidad comercial y generar resultados sostenibles en el negocio.

Mi enfoque se basa en formación práctica, desarrollo de habilidades comerciales y liderazgo que impulsa resultados, impactando de manera positiva en la productividad del equipo y en los indicadores de ventas."
"Dircelene","Mory Cornejo","https://www.linkedin.com/in/dircemory","Desarrollo de Negocios B2B & Alianzas Corporativas 🔝| Impacto Social | HRTech & SaaS | Innovación y Transformación Organizacional GDH 🎯 & Lifelong learning lover ❤️| LION +21K",,,,,,,,,,"PE","Peru",,"Peru","PE","Peru",,,"Peru","true",,"false","https://media.licdn.com/dms/image/v2/D561BAQFoUtZ0MG1Djw/company-background_10000/company-background_10000/0/1695152827771/talentlabgroup_cover?e=1779159600&v=beta&t=1lw7vzwdHbCY1zVWJc4tV3F7GOZhUxyszywC7AfShk4","191","https://media.licdn.com/dms/image/v2/D561BAQFoUtZ0MG1Djw/company-background_10000/company-background_10000/0/1695152827771/talentlabgroup_cover?e=1779159600&v=beta&t=1lw7vzwdHbCY1zVWJc4tV3F7GOZhUxyszywC7AfShk4","1128","67","https://media.licdn.com/dms/image/v2/D561BAQFoUtZ0MG1Djw/company-background_400/company-background_400/0/1695152827771/talentlabgroup_cover?e=1779159600&v=beta&t=F0iOk3IiTyltbhmBjsi-ApFYLmSZjiiHQnBZv2Mn5NY","400","33","https://media.licdn.com/dms/image/v2/D561BAQFoUtZ0MG1Djw/company-background_200/company-background_200/0/1695152827771/talentlabgroup_cover?e=1779159600&v=beta&t=thdV7a4HoQ5whTKxE2_18W7EPpQvF2rPeYNqq64wsgs","200","https://talentlab.group","We are passionate about people and we believe that we can build a better world of work if we unleash their potential, in order to evolve and transcend.","59","200","51","13108",,,,"2013",,"3502236","Professional Services > Business Consulting and Services > Human Resources Services","137","Human Resources","Human Resources Services","urn:li:fsd_industry:137","https://www.linkedin.com/jobs/search?geoId=92000000&f_C=3502236","https://www.linkedin.com/company/talentlabgroup/","Bogotá","CO",,,"false",,,"Bogotá","Colombia","CO","Colombia",,"Bogotá D.C.","Bogotá, Colombia",,"https://media.licdn.com/dms/image/v2/C4D0BAQG2vdAJMoIZBA/company-logo_400_400/company-logo_400_400/0/1630485368723/cultura_y_talento_a_la_medida_logo?e=1779926400&v=beta&t=Vwb2KxXakYiFzqaJbYNzxcL8iuQ4jGajj4-MjohHIyc","400","https://media.licdn.com/dms/image/v2/C4D0BAQG2vdAJMoIZBA/company-logo_400_400/company-logo_400_400/0/1630485368723/cultura_y_talento_a_la_medida_logo?e=1779926400&v=beta&t=Vwb2KxXakYiFzqaJbYNzxcL8iuQ4jGajj4-MjohHIyc","400","200","https://media.licdn.com/dms/image/v2/C4D0BAQG2vdAJMoIZBA/company-logo_200_200/company-logo_200_200/0/1630485368723/cultura_y_talento_a_la_medida_logo?e=1779926400&v=beta&t=3ym27gRUpCXULGGHajc7bjVlDnCCgX5IgQKPB3tcHj8","200","100","https://media.licdn.com/dms/image/v2/C4D0BAQG2vdAJMoIZBA/company-logo_100_100/company-logo_100_100/0/1630485368723/cultura_y_talento_a_la_medida_logo?e=1779926400&v=beta&t=WOngKKJRLB6HeST4-MoDO-2W1BmR-aiyq4TWgxlV11o","100","Talentlab Group","COMPANY","false",,,,"Estrategia Recursos Humanos","Administración del Cambio","Desarrollo organizacional","Evaluación y Desarrollo de talento","Trabajo Flexible","Trabajo Móvil","psicometría","assesments","diversity equity inclusion DEI","change management","agile","training","engagement","culture","cultura","talent development","human capital","recognition","learning","entrenamiento","coaching","evaluaciones 360","team buildings","hybrid and flexible working","agilidad","change management","agile","Organizational development","talent","career transitions","training","We ignite your potential","talentlabgroup","https://talentlab.group","3502236","https://www.linkedin.com/company/talentlabgroup/","400","https://media.licdn.com/dms/image/v2/C4D0BAQG2vdAJMoIZBA/company-logo_400_400/company-logo_400_400/0/1630485368723/cultura_y_talento_a_la_medida_logo?e=1779926400&v=beta&t=Vwb2KxXakYiFzqaJbYNzxcL8iuQ4jGajj4-MjohHIyc","400","200","https://media.licdn.com/dms/image/v2/C4D0BAQG2vdAJMoIZBA/company-logo_200_200/company-logo_200_200/0/1630485368723/cultura_y_talento_a_la_medida_logo?e=1779926400&v=beta&t=3ym27gRUpCXULGGHajc7bjVlDnCCgX5IgQKPB3tcHj8","200","100","https://media.licdn.com/dms/image/v2/C4D0BAQG2vdAJMoIZBA/company-logo_100_100/company-logo_100_100/0/1630485368723/cultura_y_talento_a_la_medida_logo?e=1779926400&v=beta&t=WOngKKJRLB6HeST4-MoDO-2W1BmR-aiyq4TWgxlV11o","100","https://media.licdn.com/dms/image/v2/C4D0BAQG2vdAJMoIZBA/company-logo_400_400/company-logo_400_400/0/1630485368723/cultura_y_talento_a_la_medida_logo?e=1779926400&v=beta&t=Vwb2KxXakYiFzqaJbYNzxcL8iuQ4jGajj4-MjohHIyc","Talentlab Group","talentlabgroup","•	Generación de nuevos negocios: Detección de nuevas necesidades en el mercado
•	Posicionamiento de la marca y sus servicios en el mercado local y regional.
•	Adquisición y fidelización de nuevos clientes y generación de relaciones de largo plazo con clientes actuales, socios y otros stakeholders clave.
•	Desarrollar y ejecutar estrategias de prospección enfocadas en clientes ideales (ICP).
•	Identificar y generar oportunidades de negocio con empresas en diversas industrias.
•	Gestionar el ciclo de ventas consultivas 360: Prospección, diagnóstico, análisis de necesidades, propuesta, negociación y cierre.
•	Diseñar soluciones personalizadas en GDH y Tech aplicada a RRHH.
•	Construir y fortalecer relaciones con tomadores de decisión y stakeholders clave.
•	Realizar presentaciones comerciales de alto impacto, alineadas a las necesidades del cliente.
•	Implementar estrategias de social selling y networking para potenciar la captación de clientes.
•	Analizar tendencias del mercado y detectar oportunidades de crecimiento estratégico.
•	Colaborar con equipos internos para asegurar una entrega eficiente de los servicios.
•	Medir y optimizar indicadores clave de desempeño comercial 
•	Participar en eventos, webinars y conferencias para posicionar la marca y generar leads.
•	Gestionar herramientas CRM para optimizar la trazabilidad del proceso comercial.
•	Implementar enfoques de ventas consultivas y soluciones basadas en data.
•	Desarrollar alianzas estratégicas con empresas y organizaciones clave.
•	Aportar insights y estrategias para la evolución de la propuesta de valor de","1 yr 3 mos",,"Present",,,"Corporate Growth Leader",,,,,,,,,,,,,,"Mar","Mar 2025","2025",,"21637","21973",,"Especialista en Desarrollo de Negocios, Alianzas Corporativas y Ventas Consultivas B2B/H2H con enfoque empresarial centrado en las personas con más de 15 años de experiencia liderando estrategias comerciales, generando oportunidades de negocio y consolidando relaciones corporativas de alto valor en sectores como Educación Superior, EdTech, HRTech, Consultoría en RRHH y Gestión del Talento Humano; mi experiencia me ha permitido construir una cartera sólida, fidelizada y sectorizada de clientes corporativos. 
  
Este capital relacional, junto con mi amplio expertise en B2B, me permite generar oportunidades de negocio y establecer alianzas corporativas estratégicas de alto valor.
  
A lo largo de mi trayectoria, he diseñado e implementado estrategias GTM (Go To-Market) y procesos comerciales end to end, impulsando el crecimiento sostenible de las organizaciones mediante la prospección estratégica, la gestión de cuentas clave, la construcción de pipeline/forecast y el análisis de indicadores comerciales (KPIs y OKRs).

Cuento con amplia experiencia en negociación, cierre de ventas, fidelización y postventa. Manejo diversos CRM y herramientas de IA aplicadas a prospección, gestión, desarrollo y análisis comercial.
  
Complemento mi trayectoria profesional con formaciones en Fundraising y una activa participación en iniciativas de voluntariado en organizaciones sociales vinculadas a la salud, la infancia y poblaciones vulnerables, contribuyendo al bienestar y desarrollo de la comunidad reafirmando mi compromiso con la sostenibilidad y la generación de valor compartido.
  
🎯 Me especializo en:
  
Desarrollo de Negocios y Ventas Consultivas B2B/H2H
Alianzas Corporativas, Convenios y Relaciones Institucionales 
Prospección Estratégica y Generación de Demanda 
Gestión de Cuentas Clave 
Gestión de Pipeline, forecast e indicadores comerciales
CRM e Inteligencia Comercial      
HRTech, EdTech, GDH, Transformación Organizacional, Educación Superior
Recaudación de recursos, Voluntariado & Responsabilidad Social Corporativa 
  
🌍 Intereses profesionales: Impacto Social, Sostenibilidad, Educación, RRHH y Voluntariado Corporativo.
  
📩 Abierta a conectar y generar alianzas con propósito."
"Javier","Michue","https://www.linkedin.com/in/javier-michue-73a475176","Coach de Bienestar & Salud | +10 años ayudando a personas y empresas a mejorar su energía y cultura laboral",,,,,,,,,,"PE","Peru",,"Peru","PE","Peru",,,"Peru",,,,,,,,,,,,,,,,,,,,,,,,,,,,,,,,,,,,,,,,,,,,,,,,,,,,,,,,,,,,,,,,,,,,,,,,,,,,,,,,,,,,,,,,,,,,,,,,,,,"https://www.linkedin.com/search/results/all/?keywords=Javier+Michue",,,,,,,,,,,"Javier Michue",,"Coach de bienestar, comprometido con ayudar a personas y equipos a reconectar con su energía, salud y propósito.

Mi propósito es claro: activar el bienestar físico, mental y emocional de cada persona que acompaño, generando cambios reales que se sostienen en el tiempo. A lo largo de más de 10 años, he trabajado como entrenador personal, capacitador en salud y facilitador en entornos corporativos, guiando a cientos de personas a mejorar su estilo de vida, recuperar su vitalidad y aportar lo mejor de sí en su día a día.

Creo profundamente que el bienestar no es un lujo, sino una base esencial para vivir, trabajar y liderar con plenitud.","1 yr 7 mos","Self-employed","Present",,"San Borja, Lima, Perú","Coach personal",,"Habilidades sociales","Formación","Deportes","Coaching","Atención al cliente","Coaching para la vida","Coaching personal","Formación de directivos","Wellness coaching",,,,"Nov","Nov 2024","2024","Hybrid","682","683","Habilidades sociales • Coaching • Formación • Deportes • Formación de directivos","Soy Javier Michue, coach especializado en alto desempeño ejecutivo y liderazgo sostenible con más de 10 años de experiencia ayudando a líderes y organizaciones a convertir su talento en resultados concretos y duraderos.

En un entorno empresarial impulsado por la inteligencia artificial, el trabajo híbrido y los cambios constantes, mi trabajo se enfoca en 𝐥𝐨𝐠𝐫𝐚𝐫 𝐨𝐛𝐣𝐞𝐭𝐢𝐯𝐨𝐬 𝐞𝐬𝐭𝐫𝐚𝐭é𝐠𝐢𝐜𝐨𝐬 sin sacrificar la salud mental ni el bienestar integral de las personas.

Preparación Física para Líderes y Ejecutivos: 
Acompaño a líderes y ejecutivos en programas de entrenamiento físico 𝐩𝐞𝐫𝐬𝐨𝐧𝐚𝐥𝐢𝐳𝐚𝐝𝐨𝐬 que les permiten optimizar su rendimiento desde una base de salud sólida. Juntos trabajamos en acondicionamiento físico, nutrición estratégica y recuperación, adaptándonos a las demandas más exigentes.

Programas Corporativos de Bienestar: 
Desarrollo e implemento campañas empresariales de bienestar incluyendo pausas activas, programas de activación física en el lugar de trabajo y estrategias de salud ocupacional que potencian la energía, reducen el ausentismo y mejoran el clima laboral.

🎯Trabajo con equipos de liderazgo y empresas que priorizan la sostenibilidad humana como ventaja competitiva. 

👉 Mi enfoque garantiza que alcances tus metas mientras construyes una cultura organizacional saludable, ágil y preparada para el futuro del trabajo. 🚀"
"Nathaly","Prado Ugarte","https://www.linkedin.com/in/nathaly-prado-ugarte-753b9914","Coach & Speaker en Transformación Personal y Liderazgo Consciente | Master Coach en PNL e Hipnoterapeuta Ericksoniana | Conductora del programa “Tu Mejor Versión” | +15 años liderando equipos",,,,,,,,,,"PE","Peru",,"Peru","PE","Peru",,,"Peru",,,,,,,,,,,,,,,,,,,,,,,,,,,,,,,,,,,,,,,,,,,,,,,,,,,,,,,,,,,,,,,,,,,,,,,,,,,,,,,,,,,,,,,,,,,,,,,,,,,"https://www.linkedin.com/search/results/all/?keywords=Profesional+independiente",,,,,,,,,,,"Freelance",,"Desarrollo mi labor de manera independiente brindando:

Sesiones personalizadas de Coaching e Hipnosis Ericksoniana.
Entrenamientos y conferencias sobre liderazgo, comprensión emocional y desarrollo personal.
Procesos de acompañamiento para equipos y organizaciones en transformación cultural.
Facilito talleres y entrenamientos vivenciales basados en herramientas de Programación Neurolingüística, orientados al desarrollo de habilidades blandas.
Conducción del programa digital “Tu Mejor Versión”, un espacio de inspiración y crecimiento donde entrevisto y comparto herramientas para el desarrollo personal y el bienestar.

Mi trabajo combina estrategias de gestión con herramientas de PNL, neurociencia y comunicación consciente, impulsando resultados reales y sostenibles tanto en personas como en empresas.","10 mos",,"Present",,,"Coach / Facilitadora / Speaker",,,,,,,,,,,,,,"Aug","Aug 2025","2025",,"460","533",,"“Creo que las personas y equipos pueden alcanzar su máximo potencial cuando aprenden a liderar desde adentro. Soy Nathaly Prado, Master Coach en PNL, Speaker e Hipnoterapeuta, con más de 15 años de experiencia como gerente de empresas en los sectores de restaurantes, gimnasios y servicios. Hoy acompaño procesos de transformación personal y profesional, integrando el poder del coaching, la neuroprogramación y la experiencia empresarial para formar líderes auténticos, resilientes y con propósito.”"
"Marco","Córdova","https://www.linkedin.com/in/marco-cordova-coach","Fundador CHC Territorial · Geólogo · Coach Ontológico · Conduzco la sostenibilidad territorial desde las personas",,,,,,,,,,"PE","Peru",,"Peru","PE","Peru",,,"Peru",,,,,,,,,,,,,,,,,,,,,,,,,,,,,,,,,,,,,,,,,,,,,,,,,,,,,,,,,,,,,,,,,,,,,,,,,,,,,,,,,,,,,,,,,,,,,,,,,,,"https://www.linkedin.com/search/results/all/?keywords=CHC+Territorial",,,,,,,,,,,"CHC Territorial",,"CHC Territorial es una iniciativa de consultoría y desarrollo humano basada en la Conducción Humana de la Complejidad — una metodología propia para conducir territorios donde múltiples actores, intereses y realidades coexisten.
Integra ciencia del territorio, coaching ontológico y educación crítica para acompañar a organizaciones, comunidades e instituciones en procesos de sostenibilidad territorial con enfoque de derechos humanos e interculturalidad.","5 mos","Self-employed","Present",,,"Fundador y Consultor | CHC Territorial",,"Sostenibilidad territorial","Coaching Ontológico","Desarrollo Social","Valor compartido","Gestión del territorio","Sistemas complejos","Liderazgo comunitario","GOBERNANZA MULTIACTOR",,,,,"Jan","Jan 2026","2026",,"1509","1914",,"Soy geólogo. Pero hace años entendí que el mayor recurso de un territorio no está bajo la tierra; está en su gente.

Esa convicción cambió la dirección de mi trabajo. Porque los territorios no fracasan por falta de datos técnicos o marcos legales. Fracasan cuando las personas que los habitan no tienen las condiciones para entenderse a sí mismas, entender su entorno y actuar desde ahí.
 
Desde entonces trabajo en la intersección entre ciencia del territorio, coaching ontológico y educación crítica; siempre desde un enfoque de derechos humanos e interculturalidad.
 
He desarrollado la 𝗖𝗛𝗖 — Conducción Humana de la Complejidad — una metodología propia para conducir territorios donde múltiples actores, intereses y realidades coexisten.
 
Actualmente implemento esta metodología desde el Ministerio de Energía y Minas del Perú, donde coordino el Programa de Integración Minera — una iniciativa que ha evolucionado de la capacitación tradicional hacia un modelo de gestión territorial sostenible, formando gestores de desarrollo en las diversas regiones del país, con enfoque en jóvenes, mujeres líderes y comunidades en zonas de influencia minera.
 
El resultado no son personas informadas. Son personas que transforman su propio entorno.
 
Si buscas un enfoque que integre lo técnico con lo humano para transformar territorios — podemos conversar.
 
𝗘𝗻 𝘀𝗶𝘀𝘁𝗲𝗺𝗮𝘀 𝗰𝗼𝗺𝗽𝗹𝗲𝗷𝗼𝘀, 𝗹𝗮 𝘀𝗼𝘀𝘁𝗲𝗻𝗶𝗯𝗶𝗹𝗶𝗱𝗮𝗱 𝗻𝗼 𝘀𝗲 𝗴𝗲𝘀𝘁𝗶𝗼𝗻𝗮: 𝘀𝗲 𝗰𝗼𝗻𝗱𝘂𝗰𝗲."
"Liz","Camarena","https://www.linkedin.com/in/liz-camarena-93699365","Coach en Bienestar Emocional | Psicología Positiva Aplicada | Acompaño procesos de consciencia y autoconocimiento para vivir con mayor paz, bienestar y plenitud.",,"false","true","lizcamarenacoach@outlook.es","true","false","100","valid","true","PE","Peru",,"Peru","PE","Peru",,,"Peru",,,,,,,,,,,,,,,,,,,,,,,,,,,,,,,,,,,,,,,,,,,,,,,,,,,,,,,,,,,,,,,,,,,,,,,,,,,,,,,,,,,,,,,,,,,,,,,,,,,"https://www.linkedin.com/search/results/all/?keywords=Liz+Camarena-Coach",,,,,,,,,,,"Liz Camarena-Coach",,,"10 yrs 2 mos",,"Present",,,"Bussiness Coach, Coach Ontológico y Transpersonal",,,,,,,,,,,,,,"Apr","Apr 2016","2016",,"216","217","Coaching","Acompaño procesos de bienestar emocional y autoconocimiento profundo para personas que, aun teniendo logros personales o profesionales, sienten vacío, desgaste emocional o desconexión interior.

Mi enfoque integra coaching ontológico, psicología positiva aplicada, consciencia y una mirada profunda del Ser, comprendiendo que las circunstancias de la vida nos invitan a mirarnos, crecer y recordar quiénes somos.

Creo profundamente que el bienestar real no depende de controlar la vida, sino de aprender a habitarnos con consciencia, responsabilidad y amor.

Hoy acompaño procesos que siembran bienestar emocional, claridad interna y una forma más consciente de vivir y relacionarse con la vida.

✨ Si estás en un momento de búsqueda, cambio o transformación interior, será un gusto acompañarte en este proceso. Te invito a conectar conmigo o enviarme un mensaje para conversar.

“Cada experiencia de la vida nos invita a recordar quiénes somos y volver al Amor.”

 📚Autora 🌿 Programas de bienestar emocional (adolescentes, docentes y familias) ✨ Acompañamiento personalizado 🤍 Un día a la vez

Sígueme en  REDES SOCIALES:

INSTAGRAM: https://www.instagram.com/LizCamarena.Coach

CONTÁCTAME:

EMAIL: lizcamarenacoach@outlook.es"
"Edgard","Espinoza Fuentes","https://www.linkedin.com/in/edgard-espinoza-fuentes","Consultor en LHH Perú | Empleabilidad | Desarrollo Personal y Outplacement | Coach Ejecutivo y Ontológico | Certificado en Points of You | Formador en Ventas y Habilidades Blandas | Docente Pregrado - Postgrado",,"false","true","edgard.espinoza@lhh.com",,"false","90","valid","true","PE","Peru",,"Peru","PE","Peru",,,"Peru","true",,"false","https://media.licdn.com/dms/image/v2/D4E1BAQF9HZZQOSh2yw/company-background_10000/B4EZWyc95.GYAg-/0/1742455693951/lhhworldwide_cover?e=1779159600&v=beta&t=F55DGX2_Z6KOn_5kJvLcJQ6A5gHAgcs-QDUm70MfcnM","382","https://media.licdn.com/dms/image/v2/D4E1BAQF9HZZQOSh2yw/company-background_10000/B4EZWyc95.GYAg-/0/1742455693951/lhhworldwide_cover?e=1779159600&v=beta&t=F55DGX2_Z6KOn_5kJvLcJQ6A5gHAgcs-QDUm70MfcnM","2256","67","https://media.licdn.com/dms/image/v2/D4E1BAQF9HZZQOSh2yw/company-background_400/B4EZWyc95.GYAk-/0/1742455693951/lhhworldwide_cover?e=1779159600&v=beta&t=JIf6Hv2fuozwCkOqwL3sLQAtinp_OExQQ2VBqFmkNOs","400","33","https://media.licdn.com/dms/image/v2/D4E1BAQF9HZZQOSh2yw/company-background_200/B4EZWyc95.GYAo-/0/1742455693950/lhhworldwide_cover?e=1779159600&v=beta&t=cqZFDebVmH-q4WqW8gGrUTwmn_j2Dok2ouGrbY0ASdw","200","http://www.lhh.com","At LHH, we believe work should be meaningful, fulfilling, and connected.
 
Our vision? 

To create a beautiful working world—a world where people and businesses are empowered to achieve bold ambitions. That's why we've designed solutions to address each stage of the talent journey, crafted with human care and proven expertise. These include:
 
HR & Talent Advisory
Recruitment Solutions
Leadership Development & Coaching
Career Transition & Mobility
Upskilling & Reskilling
 
With more than 50 years of experience, our network of over 12,000 professionals, across 60+ countries, support organizations worldwide, and we are strengthened by our position within The Adecco Group, the world’s leading talent company.
 
Visit our website to find out more about how we can support your business:
www.lhh.com
 
Embarking on a career transition? We're here to help. Register to start your LHH career transition journey: 
www.register.lhh.com
 
Looking for your next role? Search our open jobs: 
www.lhh.com/us/en/search-jobs/
 
LHH. A beautiful working world.","24589",,"10001","4167802",,,,,,"5235","Professional Services > Business Consulting and Services > Human Resources Services","137","Human Resources","Human Resources Services","urn:li:fsd_industry:137","https://www.linkedin.com/jobs/search?geoId=92000000&f_C=5235","https://www.linkedin.com/company/lhhworldwide/","Minato-ku","JP",,"Tokyo","false","4-1-28 Toranomon, ","19F Toranomon Towers","Minato","Japan","JP","Japan",,"Wakayama Prefecture","Minato, Japan",,"https://media.licdn.com/dms/image/v2/D560BAQG5B9JfQ298CQ/company-logo_400_400/company-logo_400_400/0/1710948321458/lee_hecht_harrison_logo?e=1779926400&v=beta&t=S4KxLBjGxZgymtmNizoswKur2Ldj1DpBRa_A2seoi9o","400","https://media.licdn.com/dms/image/v2/D560BAQG5B9JfQ298CQ/company-logo_400_400/company-logo_400_400/0/1710948321458/lee_hecht_harrison_logo?e=1779926400&v=beta&t=S4KxLBjGxZgymtmNizoswKur2Ldj1DpBRa_A2seoi9o","400","200","https://media.licdn.com/dms/image/v2/D560BAQG5B9JfQ298CQ/company-logo_200_200/company-logo_200_200/0/1710948321458/lee_hecht_harrison_logo?e=1779926400&v=beta&t=j11eGGebgRDdyQJi8bH39_5issx0TkfH54WZwPkhB7A","200","100","https://media.licdn.com/dms/image/v2/D560BAQG5B9JfQ298CQ/company-logo_100_100/company-logo_100_100/0/1710948321458/lee_hecht_harrison_logo?e=1779926400&v=beta&t=fR09KEZ8nxfeLlLf5kqMVLMPdjItHE_U_9ethS435c0","100","LHH","COMPANY","true",,,,"Leadership Development","Change Management","Employee Engagement","Recruitment","Workforce Advisory","Career Management & Mobility","Workforce Insights",,,,,,,,,,,,,,,,,,,,,,,,,,"lhhworldwide","http://www.lhh.com","5235","https://www.linkedin.com/company/lhhworldwide/","400","https://media.licdn.com/dms/image/v2/D560BAQG5B9JfQ298CQ/company-logo_400_400/company-logo_400_400/0/1710948321458/lee_hecht_harrison_logo?e=1779926400&v=beta&t=S4KxLBjGxZgymtmNizoswKur2Ldj1DpBRa_A2seoi9o","400","200","https://media.licdn.com/dms/image/v2/D560BAQG5B9JfQ298CQ/company-logo_200_200/company-logo_200_200/0/1710948321458/lee_hecht_harrison_logo?e=1779926400&v=beta&t=j11eGGebgRDdyQJi8bH39_5issx0TkfH54WZwPkhB7A","200","100","https://media.licdn.com/dms/image/v2/D560BAQG5B9JfQ298CQ/company-logo_100_100/company-logo_100_100/0/1710948321458/lee_hecht_harrison_logo?e=1779926400&v=beta&t=fR09KEZ8nxfeLlLf5kqMVLMPdjItHE_U_9ethS435c0","100","https://media.licdn.com/dms/image/v2/D560BAQG5B9JfQ298CQ/company-logo_400_400/company-logo_400_400/0/1710948321458/lee_hecht_harrison_logo?e=1779926400&v=beta&t=S4KxLBjGxZgymtmNizoswKur2Ldj1DpBRa_A2seoi9o","LHH","lhhworldwide","Responsable de procesos de Outplacement y Emprendimiento. Reporte a Gerencia de Delivery.
•	Impartición de más de 350 talleres de capacitación relacionados con Outplacement a nivel nacional, en modalidad virtual y presencial, con satisfacción promedio de 4.9/5.
•	Responsable directo de la recolocación de más de 140 personas con satisfacción promedio de 4.5/5.
•	Ejecución de programas de capacitación: Liderazgo, Desarrollo del Talento y Coaching, a empresas como Telefónica, Makro, AFP Integra, Entel, Henkel, entre otras.
•	Responsable del diseño y ejecución de capacitaciones en Desarrollo de Habilidades, Coaching y Liderazgo.","7 yrs 10 mos","Full-time","Present","39b61727d476c92e661d8612839e0855e4a01f5d","Lima, Peru","Consultor de Outplacement y Coach Ejecutivo",,"Empatía","Desarrollo personal","Habilidades sociales","Coaching","Oratoria","Liderazgo","Formación de directivos","Formación y desarrollo","Gestión del tiempo",,,,"Aug","Aug 2018","2018",,"3378","3774",,"Experto en Capacitación, Desarrollo, Consultoría y Empleabilidad. Experiencia profesional en 9 países de América como consultor de Procesos, Recursos Humanos, Proyectos de Mejora Operativa y Desarrollo del Talento. Más de 6,750 personas capacitadas entre Programas de Liderazgo, Desarrollo de Habilidades Blandas y Habilidades Comerciales. Coach de más de 250 procesos entre Coaching Ontológico, Ejecutivo y de Equipos Comerciales. Docente a nivel pregrado y postgrado con reconocimiento a la Excelencia Académica Docente."
"Paola","Usseglio Diez","https://www.linkedin.com/in/paolausseglio","Coach Ontológico Integral y Organizacional | Bienestar, comunicación y acompañamiento en procesos de cambio para personas, equipos y organizaciones | Experiencia comercial consultiva",,,,,,,,,,"PE","Santiago de Surco, Peru","Santiago de Surco","Peru","PE","Peru",,"Lima","Santiago de Surco, Peru",,,,,,,,,,,,,,,,,,,,,,,,,,,,,,,,,,,,,,,,,,,,,,,,,,,,,,,,,,,,,,,,,,,,,,,,,,,,,,,,,,,,,,,,,,,,,,,,,,,"https://www.linkedin.com/search/results/all/?keywords=Profesional+independiente",,,,,,,,,,,"Freelance",,"Coach ontológica certificada por la Escuela Internacional Newfield Network. Health and Wellness Coach certificada por la escuela Salutis, España y especialista en Mindfulness, certificada por la Facultad de Ciencias exactas, Físicas y Naturales de la Universidad de Córdoba, Argentina. Acompaño organizaciones en sus transformaciones, en la búsqueda de un mejor clima laboral y liderazgo en los equipos de trabajo.  Acompaño a personas de forma individual en sus procesos frente a los distintos quiebres que les aparecen en los distintos ámbitos , etapas de sus vidas y crecimiento personal. Acompaño a pacientes y familiares en el tránsito por distintas enfermedades desde el coaching de salud y procesos de duelo.
Certificada por Acopp – Asociación de Coaches Ontológicos Profesionales del Perú, colegiada con el Nro. 21067172.  Acreditada Internacionalmente por Ficop. 
","6 yrs 2 mos",,"Present",,,"LifeCoach / Coach ontológico Organizacional / Coach de Salud, Partida y Duelo / ",,"Coaching","Wellness coaching","Formación","Trabajo en equipo","Bienestar","Zoom","Coaching para la vida",,,,,,"Apr","Apr 2020","2020",,"436","450",,"Acompaño procesos de cambio y transición en personas, equipos y organizaciones.
Trabajo desde el coaching ontológico, la comunicación y el desarrollo humano, integrando una mirada humana, relacional y consultiva para acompañar procesos que requieren claridad, escucha, sostén y nuevas posibilidades.

Mi trayectoria combina acompañamiento individual, trabajo con organizaciones, facilitación de talleres y experiencia comercial consultiva, lo que ha fortalecido mi mirada sobre los vínculos, la confianza, la comunicación y los procesos de transformación.

Mi trabajo integra dimensiones como:
• Bienestar y desarrollo personal
• Comunicación y liderazgo
• Maternidad y paternidad
• Pareja, familia y vínculos
• Adolescencia y procesos de crecimiento
• Salud, duelo y transiciones de vida
• Cambios profesionales y procesos de reinvención
• Acompañamiento individual en organizaciones
• Talleres y espacios para equipos

También, aporto una perspectiva desde la experiencia comercial relacional, donde la escucha, la comprensión del otro y la construcción de confianza han sido parte esencial de mi trayectoria.

Hoy acompaño a personas y organizaciones en procesos donde el cambio no solo se gestiona, sino puede convertirse en posibilidad.

📩 Abierta a conversaciones sobre acompañamiento individual, talleres, bienestar organizacional y procesos de desarrollo."
"Diego","Huertas","https://www.linkedin.com/in/huertas-diego","Ontological Coach | Leadership development, strategic clarity, and emotional management",,,,,,,,,,"PE","Peru",,"Peru","PE","Peru",,,"Peru",,,,,,,,,,,,,,,,,,,,,,,,,,,,,,,,,,,,,,,,,,,,,,,,,,,,,,,,,,,,,,,,,,,,,,,,,,,,,,,,,,,,,,,,,,,,,,,,,,,"https://www.linkedin.com/search/results/all/?keywords=Ontological+Coach+%7C+Founder+%E2%80%93+Albor+Coaching+%26+Development",,,,,,,,,,,"Ontological Coach | Founder – Albor Coaching & Development",,"Since November 2025, I have been leading independent ontological coaching processes, working with professionals and individuals in transition who are seeking clarity, direction, and personal transformation.

My approach integrates language, emotion, and body, fostering alignment between mind, heart, and conscious action.

I specialize in working with individuals who:

• Feel professionally stuck or at a crossroads.
• Are facing major life or career decisions.
• Wish to strengthen their leadership and self-confidence.
• Are seeking greater internal alignment and coherence.

Sessions are personalized and available both virtually and in-person, creating safe spaces for deep reflection and sustainable growth.

If you would like more information regarding my services, you can find further details in the links below:","7 mos","Self-employed","Present",,"Lima, Peru","Ontological Coach | Leadership development, strategic clarity, and emotional management",,"Coaching de desarrollo del liderazgo","Coaching Ontológico","Inteligencia emocional","Habilidades intrapersonales","Revisión de currículums",,,,,,,,"Nov","Nov 2025","2025","Hybrid","130","132","Contacto con clientes • Habilidades sociales • Contratación de personal • Coaching • Resolución de problemas","Bilingual customer service and customer experience professional with a strong background across insurance, financial services, retail, and eCommerce environments, complemented by experience in talent acquisition and sourcing.
 
I bring hands-on experience managing high-volume customer interactions across multiple channels, including phone, email, chat, and video calls, consistently delivering clear, empathetic, and solution-oriented support. 

Throughout my career, I have handled complex cases such as billing discrepancies, claims support, technical troubleshooting, and order management, always ensuring accuracy and a seamless customer experience.
 
In parallel, I have developed experience in talent acquisition, supporting candidate sourcing, screening, and pipeline management, while collaborating closely with recruiters and hiring managers to align on role requirements and market insights. This dual background strengthens my ability to understand both customer and business needs.
 
I am highly proficient in CRM systems such as Salesforce, along with ticketing platforms and digital tools that enable efficient case management, follow-ups, and reporting. I have also guided customers through platform navigation via secure video calls, ensuring successful outcomes while maintaining strict data privacy standards.
 
My experience includes working cross-functionally with teams such as logistics, billing, IT, underwriting, and recruitment to resolve issues effectively and drive results. Additionally, I have contributed to onboarding and training initiatives, supporting new team members in adopting systems, processes, and best practices.
 
I combine strong communication skills, adaptability, and attention to detail to perform effectively in fast-paced environments. Alongside my corporate experience, I work as a freelance ontological coach, helping individuals develop clarity, confidence, and communication skills, which further enhances my ability to connect with people and deliver meaningful, human-centered interactions."
"Emmanuel","Perez","https://www.linkedin.com/in/emmanuel-perez-b67488174","Coach Senior - Director EPTI Sede Perú ",,,,,,,,,,"PE","Peru",,"Peru","PE","Peru",,,"Peru","true",,"false","https://media.licdn.com/dms/image/v2/C4E1BAQHrlAbnX45ctw/company-background_10000/company-background_10000/0/1645111910858/escuela_de_psicologia_transpersonal_integral_cover?e=1779159600&v=beta&t=6oPtjZzPloahBIXcpSczkmq66Sq6HceMcQLy5Gx2g5o","191","https://media.licdn.com/dms/image/v2/C4E1BAQHrlAbnX45ctw/company-background_10000/company-background_10000/0/1645111910858/escuela_de_psicologia_transpersonal_integral_cover?e=1779159600&v=beta&t=6oPtjZzPloahBIXcpSczkmq66Sq6HceMcQLy5Gx2g5o","1128","67","https://media.licdn.com/dms/image/v2/C4E1BAQHrlAbnX45ctw/company-background_400/company-background_400/0/1645111910858/escuela_de_psicologia_transpersonal_integral_cover?e=1779159600&v=beta&t=_fRUYZbi4qp5g2eTNcFDmqKaa3WHBfReVac9Nxop5iI","400","33","https://media.licdn.com/dms/image/v2/C4E1BAQHrlAbnX45ctw/company-background_200/company-background_200/0/1645111910858/escuela_de_psicologia_transpersonal_integral_cover?e=1779159600&v=beta&t=K0fUzw0uRXiTpLB3PBXhb9NYliLgBcHKdjEgv-EP3B0","200","https://www.transpersonals.com/","EPTI es la Escuela pionera en la enseñanza de la Psicología Transpersonal Integral y Coaching en Iberoamérica, dirigida al desarrollo y transformación personal, organizacional y social.
Nuestra mirada integral propicia el desarrollo de la consciencia corporal y emocional, la vitalidad, el pensamiento creativo, la capacidad de comunicación, la efectividad personal y el despertar de la consciencia de unidad con la totalidad de la vida.
Todas nuestras formaciones se basan en el Modelo Interacciones Primordiales, que constituye un sistema de crecimiento personal e interpersonal teórico, práctico y vivencial, y de gran trayectoria.

Nuestros programas destacados: COACHING PRIMORDIAL, DANZA PRIMAL Y MEDITACIÓN PRIMORDIAL, PSICOLOGÍA TRANSPERSONAL, PSICOTERAPIA TRANSPERSONAL

VIVE LA EXPERIENCIA EPTI

Sedes: Argentina, Chile, Uruguay, Perú, Ecuador, Colombia, México, España.

Somos Miembro de la Association for Transpersonal Psychology U.S.A. y  Miembro Fundador de la Asociación Transpersonal Iberoamericana","15","50","11","786",,,,,,"35658109","Education > Professional Training and Coaching","105","Professional Training & Coaching","Professional Training and Coaching","urn:li:fsd_industry:105","https://www.linkedin.com/jobs/search?geoId=92000000&f_C=35658109","https://www.linkedin.com/school/escuela-de-psicologia-transpersonal-integral/","Mendoza","AR",,"Mendoza","true",,,"Mendoza","Argentina","AR","Argentina",,"Mendoza","Mendoza, Argentina","M5500","https://media.licdn.com/dms/image/v2/C4E0BAQE1pptQ6FBenw/company-logo_400_400/company-logo_400_400/0/1645033210542/escuela_de_psicologia_transpersonal_integral_logo?e=1779926400&v=beta&t=zrUCiuUR8-QKCy3kj4_1CUxd67EITZonoa_zbFp4zjQ","400","https://media.licdn.com/dms/image/v2/C4E0BAQE1pptQ6FBenw/company-logo_400_400/company-logo_400_400/0/1645033210542/escuela_de_psicologia_transpersonal_integral_logo?e=1779926400&v=beta&t=zrUCiuUR8-QKCy3kj4_1CUxd67EITZonoa_zbFp4zjQ","400","200","https://media.licdn.com/dms/image/v2/C4E0BAQE1pptQ6FBenw/company-logo_200_200/company-logo_200_200/0/1645033210542/escuela_de_psicologia_transpersonal_integral_logo?e=1779926400&v=beta&t=z4uR264VHI-RevA-kTwTj1WHJymOlhTzsAF43o_ntvE","200","100","https://media.licdn.com/dms/image/v2/C4E0BAQE1pptQ6FBenw/company-logo_100_100/company-logo_100_100/0/1645033210542/escuela_de_psicologia_transpersonal_integral_logo?e=1779926400&v=beta&t=lnl4c6ilS9CnEctktilxMHmFvVxUX9PRUEKKepZ_TQM","100","Escuela de Psicologia Transpersonal Integral","SCHOOL","false",,,,"coaching","danza primal","psicoterapia primordial","meditación primordial","coaching y corporalidad",,,,,,,,,,,,,,,,,,,,,,,,,,,"Más de 40 años de experiencia académica proporcionando herramientas para el desarrollo y transformación personal.","escuela-de-psicologia-transpersonal-integral","https://www.transpersonals.com","35658109","https://www.linkedin.com/school/escuela-de-psicologia-transpersonal-integral/","400","https://media.licdn.com/dms/image/v2/C4E0BAQE1pptQ6FBenw/company-logo_400_400/company-logo_400_400/0/1645033210542/escuela_de_psicologia_transpersonal_integral_logo?e=1779926400&v=beta&t=zrUCiuUR8-QKCy3kj4_1CUxd67EITZonoa_zbFp4zjQ","400","200","https://media.licdn.com/dms/image/v2/C4E0BAQE1pptQ6FBenw/company-logo_200_200/company-logo_200_200/0/1645033210542/escuela_de_psicologia_transpersonal_integral_logo?e=1779926400&v=beta&t=z4uR264VHI-RevA-kTwTj1WHJymOlhTzsAF43o_ntvE","200","100","https://media.licdn.com/dms/image/v2/C4E0BAQE1pptQ6FBenw/company-logo_100_100/company-logo_100_100/0/1645033210542/escuela_de_psicologia_transpersonal_integral_logo?e=1779926400&v=beta&t=lnl4c6ilS9CnEctktilxMHmFvVxUX9PRUEKKepZ_TQM","100","https://media.licdn.com/dms/image/v2/C4E0BAQE1pptQ6FBenw/company-logo_400_400/company-logo_400_400/0/1645033210542/escuela_de_psicologia_transpersonal_integral_logo?e=1779926400&v=beta&t=zrUCiuUR8-QKCy3kj4_1CUxd67EITZonoa_zbFp4zjQ","Escuela de Psicologia Transpersonal Integral","escuela-de-psicologia-transpersonal-integral",,"12 yrs 5 mos",,"Present",,,"Coach - Director EPTI sede Perú",,,,,,,,,,,,,,"Jan","Jan 2014","2014",,"857","914",,"Apasionado por crear, innovar y generar contextos de aprendizaje y transformación personal y organizacional."
"Marité","Duarte C","https://www.linkedin.com/in/mariteduartecasas-3788932","Consultora Organizacional | Nueva Longevidad y Economia Plateada | Liderazgo Generativo | Diversidad Generacional | Transición Laboral | Propósito y Legado | Familias Empresarias| Mentora | Coach ACC ",,,,,,,,,,"PE","Peru",,"Peru","PE","Peru",,,"Peru","true",,"false","https://media.licdn.com/dms/image/v2/D4E1BAQGhcKrWcDp-DQ/company-background_10000/B4EZgAPwYJG4AU-/0/1752350787634/instituto_de_liderazgo_generativo_latam_cover?e=1779159600&v=beta&t=k-PbJvLv08muzqhY5rXZ-Z4RGvHDP84V-argH6f4P5k","1440","https://media.licdn.com/dms/image/v2/D4E1BAQGhcKrWcDp-DQ/company-background_10000/B4EZgAPwYJG4AU-/0/1752350787634/instituto_de_liderazgo_generativo_latam_cover?e=1779159600&v=beta&t=k-PbJvLv08muzqhY5rXZ-Z4RGvHDP84V-argH6f4P5k","2560","225","https://media.licdn.com/dms/image/v2/D4E1BAQGhcKrWcDp-DQ/company-background_400/B4EZgAPwYJG4AY-/0/1752350787634/instituto_de_liderazgo_generativo_latam_cover?e=1779159600&v=beta&t=TLx7uOOXCyqcYrNIZQsYVvAB383aLcskVAxd6iBHU2c","400","112","https://media.licdn.com/dms/image/v2/D4E1BAQGhcKrWcDp-DQ/company-background_200/B4EZgAPwYJG4Ac-/0/1752350787634/instituto_de_liderazgo_generativo_latam_cover?e=1779159600&v=beta&t=Vt_ksC0B0StARlgMkz7ikBNdEPTjK4o4ojqW97kFR4k","200","https://liderazgogenerativola.com/ccg1-2023/","IGL se ha enfocado en el desarrollo de las artes del desempeño de liderazgo, gestión y trabajo en equipo, proporcionando los estándares y prácticas para estos campos como profesiones. 

El Liderazgo Generativo se basa en estudios que datan de 1981 y se basan en los campos de diseño ontológico, cognición, aprendizaje incorporado, inteligencia emocional y lenguaje generativo para permitir que los líderes y coaches lleven los resultados de liderazgo y organización a un nivel superior.","13","200","51","1935",,,,"1981",,"42278879","Education > Higher Education","68","Higher Education","Higher Education","urn:li:fsd_industry:68","https://www.linkedin.com/jobs/search?geoId=92000000&f_C=42278879","https://www.linkedin.com/company/instituto-de-liderazgo-generativo-latam/","Latinoamérica y el mundo","OO","Sede",,"true",,,,,,,"LATAM",,"LATAM",,"https://media.licdn.com/dms/image/v2/D4E0BAQHe-AK9A4j6Fg/company-logo_400_400/B4EZfNkCP3HIAY-/0/1751500465583/instituto_de_liderazgo_generativo_latam_logo?e=1779926400&v=beta&t=w2kCxM7w3YPvQnukoFqrwY-SHDfltb63w3JslgGMSvQ","400","https://media.licdn.com/dms/image/v2/D4E0BAQHe-AK9A4j6Fg/company-logo_400_400/B4EZfNkCP3HIAY-/0/1751500465583/instituto_de_liderazgo_generativo_latam_logo?e=1779926400&v=beta&t=w2kCxM7w3YPvQnukoFqrwY-SHDfltb63w3JslgGMSvQ","400","200","https://media.licdn.com/dms/image/v2/D4E0BAQHe-AK9A4j6Fg/company-logo_200_200/B4EZfNkCP3HIAI-/0/1751500465583/instituto_de_liderazgo_generativo_latam_logo?e=1779926400&v=beta&t=INIgaIvCMGFoOMUJDdEbJ1lEz19ePjq8mKxRlA1vV_Q","200","100","https://media.licdn.com/dms/image/v2/D4E0BAQHe-AK9A4j6Fg/company-logo_100_100/B4EZfNkCP3HIAQ-/0/1751500465583/instituto_de_liderazgo_generativo_latam_logo?e=1779926400&v=beta&t=UVOyXV9x8CvHj6aHCteFrQKVkoIjsySYep44irsurHk","100","Instituto de Liderazgo Generativo LATAM","COMPANY","false",,,,"Consultoría generativa para organizaciones","Coaching","Liderazgo Generativo","Coaching generativo para organizaciones ","Coaching organizacional","consultoría","Liderazgo",,,,,,,,,,,,,,,,,,,,,,,,,"Somos el laboratorio vivo del liderazgo del futuro presente en Iberoamérica.","instituto-de-liderazgo-generativo-latam","https://liderazgogenerativola.com/","42278879","https://www.linkedin.com/company/42278879/","400","https://media.licdn.com/dms/image/v2/D4E0BAQHe-AK9A4j6Fg/company-logo_400_400/B4EZfNkCP3HIAY-/0/1751500465583/instituto_de_liderazgo_generativo_latam_logo?e=1779926400&v=beta&t=w2kCxM7w3YPvQnukoFqrwY-SHDfltb63w3JslgGMSvQ","400","200","https://media.licdn.com/dms/image/v2/D4E0BAQHe-AK9A4j6Fg/company-logo_200_200/B4EZfNkCP3HIAI-/0/1751500465583/instituto_de_liderazgo_generativo_latam_logo?e=1779926400&v=beta&t=INIgaIvCMGFoOMUJDdEbJ1lEz19ePjq8mKxRlA1vV_Q","200","100","https://media.licdn.com/dms/image/v2/D4E0BAQHe-AK9A4j6Fg/company-logo_100_100/B4EZfNkCP3HIAQ-/0/1751500465583/instituto_de_liderazgo_generativo_latam_logo?e=1779926400&v=beta&t=UVOyXV9x8CvHj6aHCteFrQKVkoIjsySYep44irsurHk","100","https://media.licdn.com/dms/image/v2/D4E0BAQHe-AK9A4j6Fg/company-logo_400_400/B4EZfNkCP3HIAY-/0/1751500465583/instituto_de_liderazgo_generativo_latam_logo?e=1779926400&v=beta&t=w2kCxM7w3YPvQnukoFqrwY-SHDfltb63w3JslgGMSvQ","Instituto de Liderazgo Generativo LATAM",,,"6 yrs 2 mos","Freelance","Present","a1cfe44a0aaf407f8f202a36d68ef9b19083eb6c","United States","Mentora & Coach",,"Trabajo en equipo","Transformación cultural","Coaching Staff","Capacitación","Team Building","Habilidades sociales","Coaching","Team Leadership","Coaching laboral","Communication Skills","Formación y desarrollo","Gestión del talento","Apr","Apr 2020","2020","Remote","2536","3280","Coaching Staff • Communication Skills • Desarrollo de liderazgo • Planificación • Transformación cultural","Luego de más de 30 años de trayectoria en el sector financiero, liderando equipos y proyectos en instituciones como el Banco Central de Reserva, Banco Santander, Citibank, Grupo ING, Scotiabank, HSBC y Banco Pichincha, decidí emprender una nueva etapa: formarme como consultora y coach organizacional con foco en liderazgo, comunicación, cultura y diversidad generacional.

Hoy, estoy dedicada a contribuir con una transformación cultural que valore la experiencia como un activo estratégico. Me comprometo con la evolución de las organizaciones hacia modelos más conscientes, diversos y sostenibles, donde las personas mayores de 50 años no sean invisibilizadas, sino reconocidas por su talento, conocimiento y capacidad de generar valor en un mundo en constante cambio.

Promuevo una mirada más realista y humana sobre la Nueva Longevidad, un fenómeno social que plantea desafíos importantes, pero también grandes oportunidades. Creo firmemente en el potencial de la economía de la longevidad —también llamada economía plateada— y en la urgencia de crear productos, servicios y oportunidades laborales que respondan a las necesidades de una población que vive más y quiere vivir mejor.

Mi propósito es resignificar el valor del talento senior: activar conversaciones, generar conciencia y facilitar transiciones profesionales con sentido. Acompaño a líderes, ejecutivos senior, emprendedores y familias empresarias a reconectar con su propósito, reorientar su experiencia y desplegar su poder de acción para lograr resultados con impacto y sentido. Además, diseño y dicto talleres de sensibilización y liderazgo enfocados en la inclusión generacional, la gestión de la diversidad etaria y el bienestar en contextos organizacionales.

Soy parte de la comunidad de aprendizaje del Instituto de Liderazgo Generativo LATAM, donde también acompaño como mentora. Me he formado en el Diplomado Internacional de la Nueva Longevidad y en el programa de Age Management in the Workplace. Participo activamente en foros internacionales y pertenezco a la Comunidad Latinoamericana de la Nueva Longevidad, así como al Ecosistema Plateado del Perú.

Creo en el valor de los equipos multigeneracionales, en el respeto por la trayectoria y en el bienestar como brújula. Porque vivir más tiempo no es suficiente: se trata de cómo elegimos vivirlo y con quiénes decidimos construir el futuro. Soy consciente de que el envejecimiento no es una etapa final, sino una fase larga y valiosa en el viaje de la vida."
"Elizabeth","Heinsohn","https://www.linkedin.com/in/elizabeth-heinsohn","Master’s in People Management | Master’s in Organizational Development and Human Resources | Talent Management | Recruitment | Ontological Coach | Career Coach & Outplacement (NCDA) | Employability and Career Development",,"false","true","elizabethheinsohn.coach@gmail.com","true","true","100","valid","true","PE","Peru",,"Peru","PE","Peru",,,"Peru","true",,"false","https://media.licdn.com/dms/image/v2/D4E1BAQGiVLFX850IGg/company-background_10000/company-background_10000/0/1736442836309/tripleten_latam_cover?e=1779159600&v=beta&t=Cg3P6Og9a7s7_IXB56L1i3qIn6BUqQ5ykEHmOEl0kVs","901","https://media.licdn.com/dms/image/v2/D4E1BAQGiVLFX850IGg/company-background_10000/company-background_10000/0/1736442836309/tripleten_latam_cover?e=1779159600&v=beta&t=Cg3P6Og9a7s7_IXB56L1i3qIn6BUqQ5ykEHmOEl0kVs","2048","175","https://media.licdn.com/dms/image/v2/D4E1BAQGiVLFX850IGg/company-background_400/company-background_400/0/1736442836309/tripleten_latam_cover?e=1779159600&v=beta&t=byaVAvfjzgHass5gJ8ynZvc21Pejj_qKCzKciqm4H48","400","87","https://media.licdn.com/dms/image/v2/D4E1BAQGiVLFX850IGg/company-background_200/company-background_200/0/1736442836309/tripleten_latam_cover?e=1779159600&v=beta&t=26ERxt_2qvjuC3cb8-2XsnV4k05BEAUUmEWPmmdAOI4","200","http://tripleten.com/es-mex/meet-special/?utm_source=linkedin&utm_medium=smm&utm_campaign=lnkdn_mex_countrypage_allprofs_smm-head","#TripleTen ayuda a las personas a transformar sus vidas y prosperar en el mundo #Tech. Nuestros bootcamps de formación en tecnología admiten a personas de todos los ámbitos, garantizando la mejor preparación profesional, ayuda en la construcción de un portafolio exitoso, y un formato de estudio flexible diseñado para la vida real. 

Incluido dentro de el plan de estudios de cada Bootcamp, ofrecemos el programa de Aceleración de Carrera. Con esta asistencia personalizada, el 87% de nuestros graduados consiguen un trabajo en su área. Y si esto no ocurre dentro de los 6 meses posteriores a la formación, ofrecemos una garantía de devolución total del costo del bootcamp.

Nuestros #Bootcamps actuales son: Análisis de Datos, Ciencia de Datos, Desarrollo Web, Ingeniería QA y Diseño UX/UI

*Puedes obtener la certificación oficial de la SEP 🇲🇽 si concluiste tu bootcamp en TripleTen. 🎓
","358","200","51","22871",,,,,,"80555186","Education > E-Learning Providers","132","E-learning","E-Learning Providers","urn:li:fsd_industry:132","https://www.linkedin.com/jobs/search?geoId=92000000&f_C=80555186","https://www.linkedin.com/school/tripleten-latam/",,,,,,,,,,,,,,,,"https://media.licdn.com/dms/image/v2/D4D0BAQHsqb9VQO7RAg/company-logo_400_400/company-logo_400_400/0/1733744560795/tripleten_latam_logo?e=1779926400&v=beta&t=m28J0DK0ARzagjNc8eEVtGkCAeVN3QzW2nsEpA3Em-I","400","https://media.licdn.com/dms/image/v2/D4D0BAQHsqb9VQO7RAg/company-logo_400_400/company-logo_400_400/0/1733744560795/tripleten_latam_logo?e=1779926400&v=beta&t=m28J0DK0ARzagjNc8eEVtGkCAeVN3QzW2nsEpA3Em-I","400","200","https://media.licdn.com/dms/image/v2/D4D0BAQHsqb9VQO7RAg/company-logo_200_200/company-logo_200_200/0/1733744560795/tripleten_latam_logo?e=1779926400&v=beta&t=KFQFrf3K4pGmq30vArxofzAIuK4YQLySVF8cNTRNJz0","200","100","https://media.licdn.com/dms/image/v2/D4D0BAQHsqb9VQO7RAg/company-logo_100_100/company-logo_100_100/0/1733744560795/tripleten_latam_logo?e=1779926400&v=beta&t=2EkVsn4V6DmrPsnjARfDWViOF_vBkMzay4sXUY2wJQE","100","TripleTen LatAm","SCHOOL","false",,,,,,,,,,,,,,,,,,,,,,,,,,,,,,,,,,,"La aceleradora de carreras en #tech más premiada en la actualidad.
Aprende y consigue el trabajo con #TripleTen.","tripleten-latam","https://go.tripleten.com/latam-lnkd","80555186","https://www.linkedin.com/school/tripleten-latam/","400","https://media.licdn.com/dms/image/v2/D4D0BAQHsqb9VQO7RAg/company-logo_400_400/company-logo_400_400/0/1733744560795/tripleten_latam_logo?e=1779926400&v=beta&t=m28J0DK0ARzagjNc8eEVtGkCAeVN3QzW2nsEpA3Em-I","400","200","https://media.licdn.com/dms/image/v2/D4D0BAQHsqb9VQO7RAg/company-logo_200_200/company-logo_200_200/0/1733744560795/tripleten_latam_logo?e=1779926400&v=beta&t=KFQFrf3K4pGmq30vArxofzAIuK4YQLySVF8cNTRNJz0","200","100","https://media.licdn.com/dms/image/v2/D4D0BAQHsqb9VQO7RAg/company-logo_100_100/company-logo_100_100/0/1733744560795/tripleten_latam_logo?e=1779926400&v=beta&t=2EkVsn4V6DmrPsnjARfDWViOF_vBkMzay4sXUY2wJQE","100","https://media.licdn.com/dms/image/v2/D4D0BAQHsqb9VQO7RAg/company-logo_400_400/company-logo_400_400/0/1733744560795/tripleten_latam_logo?e=1779926400&v=beta&t=m28J0DK0ARzagjNc8eEVtGkCAeVN3QzW2nsEpA3Em-I","TripleTen Latam","tripleten-latam","•	Deliver one-on-one (1:1) coaching sessions to students and alumni, supporting career decision-making, professional goal setting, and a successful transition into the labor market.
•	Guide and support students and graduates in exploring the job market, identifying career opportunities, analyzing industries, target roles, and employability trends.
•	Design and implement personalized job search strategies, strengthening personal branding, value proposition, achievement-based CVs, LinkedIn profiles, and interview preparation.
•	Train participants in core employability skills, including strategic networking, professional pitching, navigating recruitment processes, and initial salary or offer negotiation.
•	Actively collaborate in the planning, promotion, and execution of employability initiatives such as workshops, career fairs, meet-ups, and special events with employers and strategic partners.
•	Create professional coaching experiences that enhance employability, confidence, and successful job placement for students and alumni.","7 mos",,"Present",,,"Career Coach Latam",,,,,,,,,,,,,,"Nov","Nov 2025","2025","Remote","3286","3370","Liderazgo de equipos • Selección de personal • Coaching laboral • Coaching ontológico • Empleabilidad","Magíster en Dirección de Personas y en Desarrollo Organizacional y Recursos Humanos, cuento con más de 17 años de experiencia en gestión del talento en los sectores privado y público, liderando procesos de reclutamiento y selección, desarrollo, capacitación, gestión del desempeño e iniciativas que fortalecen la cultura organizacional. 

Mi propósito profesional es crear experiencias laborales coherentes, humanas y estratégicas que impulsen resultados sostenibles. ⁣⁣Creo en el poder del talento para transformar a las organizaciones y en la responsabilidad de gestionarlo con visión, ética y conciencia. Esta convicción me llevó a certificarme como coach ontológico y especializarme en coaching laboral, outplacement y empleabilidad. Acompaño a profesionales en procesos de autodescubrimiento, toma de decisiones y desarrollo de carrera, integrando herramientas que permiten ampliar perspectivas, potenciar fortalezas y construir trayectorias más coherentes y satisfactorias.⁣⁣Me motiva contribuir a que las personas encuentren el lugar donde puedan crecer y aportar valor, y apoyar a las organizaciones en la creación de entornos que retengan talento y promuevan bienestar.

Si estás listo para impulsar tu carrera con claridad, acompañamiento y estrategia, podemos agendar una sesión de diagnóstico y diseñar juntos el camino hacia tus metas.⁣⁣⁣

𝗖𝗼𝗻𝘁𝗮́𝗰𝘁𝗮𝗺𝗲⁣ elizabethheinsohn.coach@gmail.com⁣"
"Eduardo","Jourde","https://www.linkedin.com/in/edujourde","Coach Corporativo / Especialista en Liderazgo Humano & Equipos de Alto Impacto / ICC® Certified Life & Team Coach / Master Power Coach Trainer / Humano.",,"true",,"eduardo.jourde@crianzasmart.com",,"false","60","risky","true","PE","Peru",,"Peru","PE","Peru",,,"Peru",,,,,,,,,,,,,,,,,,,,,,,,,,,,,,,,,,,,,,,,,,,,,,,,,,,,,,,,,,,,,,,,,,,,,,,,,,,,,,,,,,,,,,,,,,,,,,,,,,,"https://www.linkedin.com/search/results/all/?keywords=Coach+Eduardo",,,,,,,,,,,"Coach Eduardo",,"Coach profesional certificado por la International Coaching Community (ICC®) en Life Coaching con PNL y Team Coaching.

Acompaño a equipos y líderes a fortalecer su comunicación, cohesión y bienestar emocional, impactando directamente en el clima laboral, la colaboración y el desempeño organizacional.

A través de talleres y programas corporativos, facilito espacios donde las personas pueden desarrollar habilidades clave como la inteligencia emocional, la gestión de conflictos, la autoestima y el trabajo en equipo, llevándolas del concepto a la práctica dentro de su entorno laboral.

Mi enfoque integra lo humano con lo empresarial, generando transformaciones que no solo se sienten en las personas, sino que también se reflejan en los resultados del equipo.

Contacto: www.coacheduardo.pe","11 yrs 7 mos","Self-employed","Present",,"Provincia de Lima","Coach",,"Liderazgo humano","Inteligencia emocional","Formación y desarrollo","Gestión cultural","Comunicación asertiva","Empoderamiento de equipos",,,,,,,"Nov","Nov 2014","2014",,"4659","4911","Desarrollo de liderazgo • Coaching • Trabajo en equipo","Muchas empresas intentan mejorar resultados trabajando en herramientas, procesos o equipos. Pero pocas miran la raíz real del problema: lo que el líder no ha trabajado en sí mismo.
 
Porque un líder no gestiona desde lo que sabe… gestiona desde lo que es.
Y cuando esa base no está bien trabajada —emocional, personal, profesional e internamente— ninguna herramienta se sostiene en el tiempo.
 
Ahí es donde trabajo.
 
Soy Coach Corporativo y acompaño a empresas a desarrollar líderes desde su dimensión personal, emocional y profesional, para que puedan gestionar mejor a sus equipos y generar resultados reales.
 
Mi enfoque parte de una idea simple, pero necesaria: no basta con enseñar herramientas, hay que trabajar sobre la persona que las usa.
 
Por eso, primero fortalecemos al líder —su claridad, su seguridad, su capacidad de comunicación y su gestión emocional— y luego incorporamos herramientas concretas de liderazgo, toma de decisiones y gestión de equipos.
 
¿Qué sucede cuando esto se hace bien?
• Los equipos dejan de operar desde el desgaste.
• Las conversaciones incómodas empiezan a suceder.
• Los líderes toman decisiones con mayor criterio.
• Mejora el compromiso y la colaboración.
• Los resultados dejan de depender del esfuerzo individual y se sostienen en el equipo.
 
Cuento con más de 11 años acompañando procesos de desarrollo en empresas, trabajando con líderes y equipos en distintos niveles de la organización.
Y si algo he aprendido en este camino, es que el liderazgo no falla por falta de herramientas, falla por lo que el líder no ha trabajado en sí mismo.
 
Si en tu equipo hay resultados que no están apareciendo, probablemente no sea un problema técnico.
 
Si esto te hace sentido, conversemos aquí en LinkedIn o por mi pagina web: www.coacheduardo.pe"
"Diana","Sevillano","https://www.linkedin.com/in/dianasevillanoz","Life Coach & HRBP Manager | Jefa HR Business Partner Comercial | Coach de vida y crecimiento personal acreditado por FICOP | Crecimiento personal",,,,,,,,,,"PE","Peru",,"Peru","PE","Peru",,,"Peru",,,,,,,,,,,,,,,,,,,,,,,,,,,,,,,,,,,,,,,,,,,,,,,,,,,,,,,,,,,,,,,,,,,,,,,,,,,,,,,,,,,,,,,,,,,,,,,,,,,"https://www.linkedin.com/search/results/all/?keywords=RevelarSer+Coaching",,,,,,,,,,,"RevelarSer Coaching",,"Coach Ontológico Integral de Asersentido acreditado por FICOP - Federación Internacional de Coaching Ontológico Profesional
📲 Conoce más sobre RevelarSer coaching escaneando el QR, mensaje directo, o en: https://lnkd.in/gPRWD8P9

Creé RevelarSer Life coaching para acompañar y guiar Coachees mediante un proceso de sesiones de Coaching uno a uno, en las que podremos determinar un propósito de trabajo en aquellos aspectos que el Coachee busca mejorar o favorecer en cualquier aspecto de su vida.","1 yr 5 mos","Self-employed","Present",,"Lima, Peru","Certified Life Coach | Coach Ontológico Acreditado FICOP",,"Life Coaching","Coaching","Personal Development","Personal growth",,,,,,,,,"Jan","Jan 2025","2025","Remote","6049","6258",,
"Fernando","Gil Sanguineti","https://www.linkedin.com/in/fernando-gil-sanguineti","Consultor especializado en Liderazgo, Desarrollo Directivo y Coaching Ejecutivo y de Equipos desde hace 23 años. Acompaño a personas desde la PNL y el Coaching de Vida a encontrar su mejor versión.",,"true",,"fgil@jamming.pe","true","false","100","risky","true","PE","Peru",,"Peru","PE","Peru",,,"Peru","true",,"false","https://media.licdn.com/dms/image/v2/D4D1BAQFs6nPWASZZgA/company-background_10000/B4DZxKJTh1HMAU-/0/1770770480074/iacglobalworld_cover?e=1779159600&v=beta&t=_JOYwRi6pexEpcg58Pr4luaGlAW_ls5fy_q84HO31YA","191","https://media.licdn.com/dms/image/v2/D4D1BAQFs6nPWASZZgA/company-background_10000/B4DZxKJTh1HMAU-/0/1770770480074/iacglobalworld_cover?e=1779159600&v=beta&t=_JOYwRi6pexEpcg58Pr4luaGlAW_ls5fy_q84HO31YA","1128","67","https://media.licdn.com/dms/image/v2/D4D1BAQFs6nPWASZZgA/company-background_400/B4DZxKJTh1HMAY-/0/1770770480074/iacglobalworld_cover?e=1779159600&v=beta&t=vvVWaUFiBBnNCtxpCZ8IlmGJ8WCDhxEfM5LqX2uhHtA","400","33","https://media.licdn.com/dms/image/v2/D4D1BAQFs6nPWASZZgA/company-background_200/B4DZxKJTh1HMAc-/0/1770770480074/iacglobalworld_cover?e=1779159600&v=beta&t=UbNsRu6ijA8AtJ6OdhKcZSSi2wXZjUWBmdREBz_g3vw","200","http://www.certifiedcoach.org","The IAC is an independent, global coach certifying body. Our mission is to inspire the on-going evolution and application of universal coaching standards. Coaching is a transformative process for personal and professional awareness, discovery and growth. 

Our comprehensive certification process evaluates the demonstration of specific masteries that are the hallmark of the most effective and distinguished coaches, as well as sets high standards for the coach’s ethical, professional, and business behaviors. The purpose of this certification is to provide the clients of coaches a valid measure of assurance that they will receive the best coaching.","87","200","51","10210",,,,"2003",,"783892","Education > Professional Training and Coaching","105","Professional Training & Coaching","Professional Training and Coaching","urn:li:fsd_industry:105","https://www.linkedin.com/jobs/search?geoId=92000000&f_C=783892","https://www.linkedin.com/company/iacglobalworld/","Nashville","US",,"TN","true","PO Box 158555",,"Nashville","United States","US","United States of America",,"Tennessee","Nashville, TN, United States","37215","https://media.licdn.com/dms/image/v2/C4D0BAQFcjXxuc3FZyw/company-logo_400_400/company-logo_400_400/0/1630506173062/iacglobalworld_logo?e=1779926400&v=beta&t=Gk3fyPCZRA2ddzBZ6Mh3QQfU6o9KfH0NEip09EBO5HI","400","https://media.licdn.com/dms/image/v2/C4D0BAQFcjXxuc3FZyw/company-logo_400_400/company-logo_400_400/0/1630506173062/iacglobalworld_logo?e=1779926400&v=beta&t=Gk3fyPCZRA2ddzBZ6Mh3QQfU6o9KfH0NEip09EBO5HI","400","200","https://media.licdn.com/dms/image/v2/C4D0BAQFcjXxuc3FZyw/company-logo_200_200/company-logo_200_200/0/1630506173062/iacglobalworld_logo?e=1779926400&v=beta&t=x75nRDm1ZPtkqOA3FRybmkHCU36-olpN9dAgy757wXY","200","100","https://media.licdn.com/dms/image/v2/C4D0BAQFcjXxuc3FZyw/company-logo_100_100/company-logo_100_100/0/1630506173062/iacglobalworld_logo?e=1779926400&v=beta&t=08nm3vhdiESCHB92CezR-NlkG04UI4ulBGjDCj-Gbtg","100","International Association of Coaching® (IAC)","COMPANY","false",,,,"We aim to advance coaching to the highest standards of universal excellence","coaching","executive coaching","life coaching","masteries","human development","desarrollo humano",,,,,,,,,,,,,,,,,,,,,,,,,"We are the home and the certifying body of the IAC Coaching Masteries®
We are a global family","iacglobalworld","https://certifiedcoach.org/","783892","https://www.linkedin.com/company/iacglobalworld/","400","https://media.licdn.com/dms/image/v2/C4D0BAQFcjXxuc3FZyw/company-logo_400_400/company-logo_400_400/0/1630506173062/iacglobalworld_logo?e=1779926400&v=beta&t=Gk3fyPCZRA2ddzBZ6Mh3QQfU6o9KfH0NEip09EBO5HI","400","200","https://media.licdn.com/dms/image/v2/C4D0BAQFcjXxuc3FZyw/company-logo_200_200/company-logo_200_200/0/1630506173062/iacglobalworld_logo?e=1779926400&v=beta&t=x75nRDm1ZPtkqOA3FRybmkHCU36-olpN9dAgy757wXY","200","100","https://media.licdn.com/dms/image/v2/C4D0BAQFcjXxuc3FZyw/company-logo_100_100/company-logo_100_100/0/1630506173062/iacglobalworld_logo?e=1779926400&v=beta&t=08nm3vhdiESCHB92CezR-NlkG04UI4ulBGjDCj-Gbtg","100","https://media.licdn.com/dms/image/v2/C4D0BAQFcjXxuc3FZyw/company-logo_400_400/company-logo_400_400/0/1630506173062/iacglobalworld_logo?e=1779926400&v=beta&t=Gk3fyPCZRA2ddzBZ6Mh3QQfU6o9KfH0NEip09EBO5HI","International Association of Coaching® (IAC)","iacglobalworld",,"3 yrs 3 mos","Full-time","Present","dd4ab9f6d1263c095a5e2b329c4cf41e9471ac99","United States","Accredited School Owner",,,,,,,,,,,,,,"Mar","Mar 2023","2023","Hybrid","30000","32890",,"Hola, soy Fernando Gil, peruano,  Master coach Trainer, coach de vida, coach ejecutivo y de equipos. 
Terapeuta de PNL, de hipnosis Ericksoniana, acompañante de bioneuroemoción y nueva medicina Germánica, Consultor de transformación institucional, Conferencista y escritor.  

Me encanta jugar tennis, bailar, escuchar música, cocinar comida mediterránea siendo mi especialidad las paellas y las fideuá, ir a conciertos, soy un lector ""insoportable"", me gusta viajar, pasar tiempo en familia, tener conversaciones de valor, me encanta el cine y los musicales, actividades de riesgo como lanzarme en paracaídas, hacer ayahuasca en cuatro ceremonias de 5 días seguidos, disfruto construyendo amistades y estando presente. 

Me motiva aprender, crecer y tomar conciencia, trabajar en mi desarrollo personal y ayudar a otros en esos mismos procesos. Mi propósito de vida es ser el catalizador de la amplación de los niveles de conciencia en la humanidad. 

Como profesional me apasiona acompañar a las personas a descubrir su sentido de propósito y convertirlo en objetivos concretos. 

Mi legado es el de generar grandes procesos de transformación en las personas, convirtiendo cada experiencia, incluyendo las profundamente dolorosas, en experiencias de aprendizaje y trascendencia. Que luego de mi acompañamiento puedan irradiar esa transformación en cada persona con la que interactúen. Llevo más de 25 años como coach, terapeuta y consultor de procesos de transformación personal y empresarial siendo el pionero del Coaching en el Perú y uno de los referentes en América Latina.

Actualmente quiero ser oferta para el mundo en aquello que considero mis mayores talentos y conforman mi sentido de contribución en la vida, acompañando a otros alcanzar su mejor versión a través del coaching, la terapia y los más de 25 años que tengo de experiencia que convierten mi palabra y los recursos que utilizo en las heramientas idóneas para ello.

Gracias por visitar mi perfil de linkedin 
Fernando Gil Sanguinetti 
fgil@jamming.pe 
"
"Rosario","Contreras","https://www.linkedin.com/in/rosariocontrerasb","Líder en Tecnología Financiera | Traduzco tecnología en decisiones de negocio | Mentora y Coach en Liderazgo para equipos de Tecnología 💻 | +20 años formando líderes genuinos",,"true",,"rosario.contreras@liderarconpasion.com",,"false","60","risky","true","PE","Peru",,"Peru","PE","Peru",,,"Peru","true",,"false","https://media.licdn.com/dms/image/v2/D4E1BAQHVXAY1tBr_FA/company-background_10000/B4EZtwaukeKMAU-/0/1767117614171/comit_eia_latam_cover?e=1779159600&v=beta&t=yA9iHlKIpxb-T_ujehrRA7iRhtf0j4HW9ETKLCawKcU","1024","https://media.licdn.com/dms/image/v2/D4E1BAQHVXAY1tBr_FA/company-background_10000/B4EZtwaukeKMAU-/0/1767117614171/comit_eia_latam_cover?e=1779159600&v=beta&t=yA9iHlKIpxb-T_ujehrRA7iRhtf0j4HW9ETKLCawKcU","1536","266","https://media.licdn.com/dms/image/v2/D4E1BAQHVXAY1tBr_FA/company-background_400/B4EZtwaukeKMAY-/0/1767117614171/comit_eia_latam_cover?e=1779159600&v=beta&t=obmXdw5voCdMZq9wIALiGXxXun3o9zF0TDmBwb2Gzkc","400","133","https://media.licdn.com/dms/image/v2/D4E1BAQHVXAY1tBr_FA/company-background_200/B4EZtwaukeKMAc-/0/1767117614171/comit_eia_latam_cover?e=1779159600&v=beta&t=I9SdaANINe_4S09sYvNOjuXawF7b5sKmJM6XGcMcOFA","200",,,"1","10","2","22",,,,,,"110394462","Consumer Services > Non-profit Organizations","100","Non-profit Organization Management","Non-profit Organizations","urn:li:fsd_industry:100","https://www.linkedin.com/jobs/search?geoId=92000000&f_C=110394462","https://www.linkedin.com/company/comit%C3%A9-eia-latam/",,,,,,,,,,,,,,,,"https://media.licdn.com/dms/image/v2/D4E0BAQHDydL6_W6chw/company-logo_400_400/B4EZtwY6xEHEAY-/0/1767117139588/comit_eia_latam_logo?e=1779926400&v=beta&t=DYNCPf3s3nlX1w-i5pdfhgts8XXwLQAkq_yjpDSB_4s","400","https://media.licdn.com/dms/image/v2/D4E0BAQHDydL6_W6chw/company-logo_400_400/B4EZtwY6xEHEAY-/0/1767117139588/comit_eia_latam_logo?e=1779926400&v=beta&t=DYNCPf3s3nlX1w-i5pdfhgts8XXwLQAkq_yjpDSB_4s","400","200","https://media.licdn.com/dms/image/v2/D4E0BAQHDydL6_W6chw/company-logo_200_200/B4EZtwY6xEHEAI-/0/1767117139588/comit_eia_latam_logo?e=1779926400&v=beta&t=7YeHVZKilRdI_WWxc9e5l-1ZbfPV7Cd6wOCywxYOux0","200","100","https://media.licdn.com/dms/image/v2/D4E0BAQHDydL6_W6chw/company-logo_100_100/B4EZtwY6xEHEAQ-/0/1767117139588/comit_eia_latam_logo?e=1779926400&v=beta&t=xvpXp70yTDmKudNFKDLJDfBUG4cPNLX94380XK9nxjk","100","Comité EIA Latam","COMPANY","false",,,,,,,,,,,,,,,,,,,,,,,,,,,,,,,,,,,,"comité-eia-latam",,"110394462","https://www.linkedin.com/company/110394462/","400","https://media.licdn.com/dms/image/v2/D4E0BAQHDydL6_W6chw/company-logo_400_400/B4EZtwY6xEHEAY-/0/1767117139588/comit_eia_latam_logo?e=1779926400&v=beta&t=DYNCPf3s3nlX1w-i5pdfhgts8XXwLQAkq_yjpDSB_4s","400","200","https://media.licdn.com/dms/image/v2/D4E0BAQHDydL6_W6chw/company-logo_200_200/B4EZtwY6xEHEAI-/0/1767117139588/comit_eia_latam_logo?e=1779926400&v=beta&t=7YeHVZKilRdI_WWxc9e5l-1ZbfPV7Cd6wOCywxYOux0","200","100","https://media.licdn.com/dms/image/v2/D4E0BAQHDydL6_W6chw/company-logo_100_100/B4EZtwY6xEHEAQ-/0/1767117139588/comit_eia_latam_logo?e=1779926400&v=beta&t=xvpXp70yTDmKudNFKDLJDfBUG4cPNLX94380XK9nxjk","100","https://media.licdn.com/dms/image/v2/D4E0BAQHDydL6_W6chw/company-logo_400_400/B4EZtwY6xEHEAY-/0/1767117139588/comit_eia_latam_logo?e=1779926400&v=beta&t=DYNCPf3s3nlX1w-i5pdfhgts8XXwLQAkq_yjpDSB_4s","Comité EIA Latam",,,"5 mos","Part-time","Present",,,"Cofundador",,,,,,,,,,,,,,"Jan","Jan 2026","2026",,"3439","4017","Liderazgo de equipos multidisciplinarios • SCRUM • tecnologia • Liderazgo • Desarrollo de liderazgo","Crecí en el mundo corporativo creyendo que el objetivo de todos era solo escalar y escalar 🧗 
Hoy enseño a líderes a conectar con su propósito, inspirar y transformar a sus equipos. ❤️‍🔥🎯
Durante muchos años pensé que, por ser una profesional de tecnología 👩🏽‍💻, debía enfocarme únicamente en los resultados y procesos técnicos 🦾. Hasta que comprendí que ser jefa no era lo mismo que ser una líder que inspira con propósito.
Después de vivir experiencias con jefes que no impulsaban mi potencial y me hacían sentir que mi trabajo no tenía valor, entendí como no quería ser liderando a otros.
 Inicié un camino de autoconocimiento 🚶🏽‍♀️, autoliderazgo y formación en coaching, integrando mis habilidades blandas y tecnológicas para construir un liderazgo genuino, humano y con propósito, que mejorara mi vida y la de mis equipos 🫂.
Con el tiempo descubrí que me apasiona hablar 🗣️ , enseñar 👩🏽‍🏫 y compartir sobre liderazgo, porque lo practico en mi vida y estoy convencida de que liderar es un acto de libertad: dirigir nuestras vidas para luego acompañar a otros en sus propios caminos.
He mentoreado a más de 200 profesionales 👨🏽‍💻👩🏽‍💻 en mis más de 20 años de experiencia en el sector tecnológico 💻, ayudándolos a desarrollar liderazgo genuino ❤️‍🔥, habilidades blandas e influencia estratégica. Muchos de ellos hoy lideran equipos de alto rendimiento 💪🏽 en procesos de transformación digital dentro de organizaciones de Latinoamérica.
Mi propósito es claro:
Contribuir en la transformación de  profesionales del sector tecnológico,  en líderes genuinos que inspiran, conectan y lideran con propósito, impulsando organizaciones más humanas, innovadoras y sostenibles.
🚀 ¿Cómo lo hago?
🌐 Acompaño a organizaciones que fortalecen su cultura de liderazgo y hacen sostenibles sus áreas tecnológicas con líderes humanos, conscientes y ágiles.
👩‍💻 A profesionales corporativos que buscan convertirse en líderes con propósito, creciendo sin perder su bienestar ni autenticidad.
🏫 A universidades que forman profesionales tech con liderazgo y propósito.
A través de talleres, charlas, mentorías y programas de coaching, combino estrategia, tecnología, innovación y consciencia para construir culturas más humanas, rentables y felices.
❤️‍🔥Liderar con pasión es mi legado, y mi compromiso es que más líderes vivan y trabajen desde ese lugar.
💬 Si eres un profesional del sector tecnológico o lideras un equipo y deseas transformar tu manera de liderar, hablemos. 😊
."
"Daniel","Jiménez Gamboa","https://www.linkedin.com/in/daniel-jiménez-gamboa-","Docente organizacional | Learning & Development Programs Analyst | Speaker & Consultor de empleabilidad| Banca & Seguros | Talento Humano| Facilitador |Ponente Universitario |",,,,,,,,,,"PE","Peru",,"Peru","PE","Peru",,,"Peru","true",,"false","https://media.licdn.com/dms/image/v2/D4E1BAQFQU6Azm4U_-Q/company-background_10000/B4EZxTYnZMI0AU-/0/1770925492958/universidad_continental_cover?e=1779159600&v=beta&t=q47924vw3dk6EOkElFWAnYhMWm4RproTwK5Kz6jnWvA","796","https://media.licdn.com/dms/image/v2/D4E1BAQFQU6Azm4U_-Q/company-background_10000/B4EZxTYnZMI0AU-/0/1770925492958/universidad_continental_cover?e=1779159600&v=beta&t=q47924vw3dk6EOkElFWAnYhMWm4RproTwK5Kz6jnWvA","4700","67","https://media.licdn.com/dms/image/v2/D4E1BAQFQU6Azm4U_-Q/company-background_400/B4EZxTYnZMI0AY-/0/1770925492959/universidad_continental_cover?e=1779159600&v=beta&t=GDP0VjcHk8ycgSn76q4DL793StDbhLfKOFJPMQwUnEk","400","33","https://media.licdn.com/dms/image/v2/D4E1BAQFQU6Azm4U_-Q/company-background_200/B4EZxTYnZMI0Ac-/0/1770925492958/universidad_continental_cover?e=1779159600&v=beta&t=tnUjsp7itTXBUpwHnQS0CQ_tVI_y9CBs-ALaeb5F6ZE","200","https://www.norenuncio.ucontinental.edu.pe","Somos una Universidad global, moderna, humanística y sistémica, que trabaja con constancia y sinérgicamente para la formación  integral de nuestros futuros profesionales.

Tenemos 5  facultades, las cuales cuentan con 26 carreras universitarias de gran demanda laboral que permitirán a los jóvenes ser parte de una de las mejores universidades del país.","5622","1000","501","121678",,,,"1998",,"714241","Education > Higher Education","68","Higher Education","Higher Education","urn:li:fsd_industry:68","https://www.linkedin.com/jobs/search?geoId=92000000&f_C=714241","https://www.linkedin.com/school/universidad-continental/","Huancayo","PE","Campus Huancayo","Junin","false","Junín: Av. San Carlos 1980 - Huancayo.",,"Huancayo","Peru","PE","Peru",,"Junín","Huancayo, Peru","12000","https://media.licdn.com/dms/image/v2/D560BAQH5a7NstPNFRg/company-logo_400_400/company-logo_400_400/0/1707176695910/universidad_continental_logo?e=1779926400&v=beta&t=Lrpmh1QCwntITBjUubLAQ2fVL8Q4k2To4vhCzedD1CA","400","https://media.licdn.com/dms/image/v2/D560BAQH5a7NstPNFRg/company-logo_400_400/company-logo_400_400/0/1707176695910/universidad_continental_logo?e=1779926400&v=beta&t=Lrpmh1QCwntITBjUubLAQ2fVL8Q4k2To4vhCzedD1CA","400","200","https://media.licdn.com/dms/image/v2/D560BAQH5a7NstPNFRg/company-logo_200_200/company-logo_200_200/0/1707176695910/universidad_continental_logo?e=1779926400&v=beta&t=T7K7lxP0Lp9bSPbVJoMeXuEG4kEj0xrr4AhjlxEOhHM","200","100","https://media.licdn.com/dms/image/v2/D560BAQH5a7NstPNFRg/company-logo_100_100/company-logo_100_100/0/1707176695910/universidad_continental_logo?e=1779926400&v=beta&t=adR_GaABv7taAC7nBOaGE8N2S9dxvZjXzANkxJhkWL0","100","Universidad Continental","SCHOOL","true",,,"(064)481430",,,,,,,,,,,,,,,,,,,,,,,,,,,,,,,,"En la Universidad Continental #TeAcercamosElMundo. Tú eliges tu futuro internacional. 🌍✨","universidad-continental","http://ucontinental.edu.pe","714241","https://www.linkedin.com/company/714241/","400","https://media.licdn.com/dms/image/v2/D560BAQH5a7NstPNFRg/company-logo_400_400/company-logo_400_400/0/1707176695910/universidad_continental_logo?e=1779926400&v=beta&t=Lrpmh1QCwntITBjUubLAQ2fVL8Q4k2To4vhCzedD1CA","400","200","https://media.licdn.com/dms/image/v2/D560BAQH5a7NstPNFRg/company-logo_200_200/company-logo_200_200/0/1707176695910/universidad_continental_logo?e=1779926400&v=beta&t=T7K7lxP0Lp9bSPbVJoMeXuEG4kEj0xrr4AhjlxEOhHM","200","100","https://media.licdn.com/dms/image/v2/D560BAQH5a7NstPNFRg/company-logo_100_100/company-logo_100_100/0/1707176695910/universidad_continental_logo?e=1779926400&v=beta&t=adR_GaABv7taAC7nBOaGE8N2S9dxvZjXzANkxJhkWL0","100","https://media.licdn.com/dms/image/v2/D560BAQH5a7NstPNFRg/company-logo_400_400/company-logo_400_400/0/1707176695910/universidad_continental_logo?e=1779926400&v=beta&t=Lrpmh1QCwntITBjUubLAQ2fVL8Q4k2To4vhCzedD1CA","Universidad Continental",,,"1 mo","Part-time","Present",,,"Mentor de estudiantes",,,,,,,,,,,,,,"May","May 2026","2026",,"1128","1288",,"Soy especialista en Aprendizaje y Desarrollo del Talento, con sólida experiencia en banca, seguros y retail. A lo largo de mi carrera he liderado programas de formación en soft skills, cultura organizacional y procesos de ventas y soft skills para equipos y líderes.

Mi trayectoria en los bancos más importantes del Perú y en empresas del sector retail me ha permitido comprender distintas realidades organizacionales y diseñar soluciones de capacitación adaptadas a cada contexto.

Creo firmemente que formar no es solo enseñar, es despertar lo mejor de las personas, combinando estrategia, empatía y acción para impulsar el talento y transformar equipos."
"Catherina","Gianella","https://www.linkedin.com/in/catherina-gianella-b2884727","Executive and Integrative Coach with 20 years of experience",,,,,,,,,,"PE","Peru",,"Peru","PE","Peru",,,"Peru","true",,"false","https://media.licdn.com/dms/image/v2/D4E1BAQFVdk0kgE5_SA/company-background_10000/company-background_10000/0/1688749247359/teip_coaching_cover?e=1779159600&v=beta&t=A5tVlJsqBQtRNmqV7SoXVA5d8AyT1es1H8uvQtEHQGM","376","https://media.licdn.com/dms/image/v2/D4E1BAQFVdk0kgE5_SA/company-background_10000/company-background_10000/0/1688749247359/teip_coaching_cover?e=1779159600&v=beta&t=A5tVlJsqBQtRNmqV7SoXVA5d8AyT1es1H8uvQtEHQGM","720","209","https://media.licdn.com/dms/image/v2/D4E1BAQFVdk0kgE5_SA/company-background_400/company-background_400/0/1688749247359/teip_coaching_cover?e=1779159600&v=beta&t=byiTxDFL4lWpPtnuOz9Op0_k1WwketUMdvVBQEBdJxc","400","104","https://media.licdn.com/dms/image/v2/D4E1BAQFVdk0kgE5_SA/company-background_200/company-background_200/0/1688749247359/teip_coaching_cover?e=1779159600&v=beta&t=4ucgly2P5u6lV1AvSFNunzHfZDRv9aiAKiLrKzygsx8","200","http://www.teipcoaching.com","TEIP es un programa integral cuidadosamente diseñado para Top Performers con desempeño en entornos altamente competitivos con el objetivo de trabajar cada aspecto de su performance  llevándolo a su máximo potencial manteniendo su esencia y su propósito de vida.

TEIP is an integrative program carefully designed for top professionals who want to work in all aspects of their performance in order to take it to the highest level, while maintaining their core essence and life purpose","1","10","2","111",,,,"2013",,"98196560","Professional Services > Business Consulting and Services > Human Resources Services","137","Human Resources","Human Resources Services","urn:li:fsd_industry:137","https://www.linkedin.com/jobs/search?geoId=92000000&f_C=98196560","https://www.linkedin.com/company/teip-coaching/","Lima
","PE","Headquarters","","true","","","Lima","Peru","PE","Peru",,"Lima","Lima, Peru","","https://media.licdn.com/dms/image/v2/D4E0BAQHO3OdQ7UKHdA/company-logo_400_400/company-logo_400_400/0/1688668760773?e=1779926400&v=beta&t=9aMu26iQrgSS8CL9Z68p2GM6HKxENslfCipzN4DPsNQ","400","https://media.licdn.com/dms/image/v2/D4E0BAQHO3OdQ7UKHdA/company-logo_400_400/company-logo_400_400/0/1688668760773?e=1779926400&v=beta&t=9aMu26iQrgSS8CL9Z68p2GM6HKxENslfCipzN4DPsNQ","400","200","https://media.licdn.com/dms/image/v2/D4E0BAQHO3OdQ7UKHdA/company-logo_200_200/company-logo_200_200/0/1688668760773?e=1779926400&v=beta&t=gaV87hfgy5OKnr5dYjpmn2CoeIc3VIo1uOcoHMbWydI","200","100","https://media.licdn.com/dms/image/v2/D4E0BAQHO3OdQ7UKHdA/company-logo_100_100/company-logo_100_100/0/1688668760773?e=1779926400&v=beta&t=_ZePAeyMsDuururKE80F-9scg43yRzZNTA_HAQGapfY","100","TEIP Coaching","COMPANY","false",,,"991620216","Coaching","Leadership","Psychology","Wellness","Human potential",,,,,,,,,,,,,,,,,,,,,,,,,,,"Integrative Growth for Top Performers","teip-coaching","www.teipcoaching.com","98196560","https://www.linkedin.com/company/teip-coaching/","400","https://media.licdn.com/dms/image/v2/D4E0BAQHO3OdQ7UKHdA/company-logo_400_400/company-logo_400_400/0/1688668760773?e=1779926400&v=beta&t=9aMu26iQrgSS8CL9Z68p2GM6HKxENslfCipzN4DPsNQ","400","200","https://media.licdn.com/dms/image/v2/D4E0BAQHO3OdQ7UKHdA/company-logo_200_200/company-logo_200_200/0/1688668760773?e=1779926400&v=beta&t=gaV87hfgy5OKnr5dYjpmn2CoeIc3VIo1uOcoHMbWydI","200","100","https://media.licdn.com/dms/image/v2/D4E0BAQHO3OdQ7UKHdA/company-logo_100_100/company-logo_100_100/0/1688668760773?e=1779926400&v=beta&t=_ZePAeyMsDuururKE80F-9scg43yRzZNTA_HAQGapfY","100","https://media.licdn.com/dms/image/v2/D4E0BAQHO3OdQ7UKHdA/company-logo_400_400/company-logo_400_400/0/1688668760773?e=1779926400&v=beta&t=9aMu26iQrgSS8CL9Z68p2GM6HKxENslfCipzN4DPsNQ","TEIP Coaching","teip-coaching",,"3 yrs",,"Present",,,"Founder and Director",,,,,,,,,,,,,,"Jun","Jun 2023","2023",,"857","875","Executive Coaching • Leadership • Change Management","Catherina Gianella is a multilingual Executive and Integrative Coach specialized in Leadership, transformation, HR strategies, Team Building, and development of High Potentials and Top Performers. 
With 20 years of experience as a Coach, teacher and trainer.
Her background in education and cognitive processes give her added insight when designing taylor-made models and tools for each coaching journey and program.

Catherina coached in the Odyssey of the Mind International Program developing Creativity, leadership, and problem-solving skills. She prepared three teams for the World Finals in 1998.

Born in Peru, of Italian origin, and raised in the US, Catherina´s multicultural understading and cross cultural competency are key assets for connecting with professionals from all backgrounds. 
She's lived and worked in Europe,  USA,UK, Spain, Italy, and Peru. 

Catherina coaches top executives worldwide in  launching their careers to the next level.

Among her clients:
 Ernst &Young, Telefonica, Banco Santander, BBVA, IKEA, Luis Vives Foundation, Casa Encendida, and the Chamber of Commerce of Spain. 
More recently, The Italian GDF, The Italian Trade Commission,. 
as well as the Italian Parliament,
Financial groups and reknown mining companies operating in Latin America.

"" I know the power within people and the impact of adequate Coaching in allowing them to unlock potential, raise awareness, self-belief and clarity in their path to success. 

I have a true passion for my profession - Helping people help themselves in achieving true fulfillment, both in their professional and personal lives.""

Specialties: Multilingual COACH-TEACHER-TRAINER


Languages: English,Spanish, Italian, French  


EXECUTIVE COACHING

Change
Leadership & Communication
Performance enhancement
Team building 




Change and Personal Development 
Coaching for Expats"
"Lourdes","Caña","https://www.linkedin.com/in/lourdes-caña","Wellbeing Corporativo | Coach Organizacional | MBA | Mentor Coach | Docente Universitario",,"true",,"lourdes.cana@yanbal.com",,"false","60","risky","true","PE","Peru",,"Peru","PE","Peru",,,"Peru","true",,"false","https://media.licdn.com/dms/image/v2/D4E1BAQEFFMNmqO_wEw/company-background_10000/B4EZor2SE5KkAU-/0/1761672242437/yanbal_cover?e=1779159600&v=beta&t=jP7KpjECzVsR03p1MA7Qc6o-gA_MG6LTbKR7cCPtXV0","560","https://media.licdn.com/dms/image/v2/D4E1BAQEFFMNmqO_wEw/company-background_10000/B4EZor2SE5KkAU-/0/1761672242437/yanbal_cover?e=1779159600&v=beta&t=jP7KpjECzVsR03p1MA7Qc6o-gA_MG6LTbKR7cCPtXV0","1600","140","https://media.licdn.com/dms/image/v2/D4E1BAQEFFMNmqO_wEw/company-background_400/B4EZor2SE5KkAY-/0/1761672242437/yanbal_cover?e=1779159600&v=beta&t=DF2b-YYI-sKZOj4My2mK2X-S3IuA3CtLybHaPp8rmsY","400","70","https://media.licdn.com/dms/image/v2/D4E1BAQEFFMNmqO_wEw/company-background_200/B4EZor2SE5KkAc-/0/1761672242437/yanbal_cover?e=1779159600&v=beta&t=-DuuXCn_u5ROGOfC4Y_d52LoD7QC6SBKvcdL2An4KMo","200","https://www.yanbal.com/","Somos mucho más que una compañía de cosméticos. Somos una transnacional con presencia en 11 países: Estados Unidos, Perú, Colombia, Ecuador, México, Bolivia, Guatemala, Paraguay, Venezuela, España e Italia llevando belleza, moda y bienestar.

Somos dueños de todo el proceso de conceptualización, diseño, fabricación y distribución de nuestros productos, lo que asegura su altísima calidad. Somos vanguardia e investigación. Ofrecemos lo último de las tendencias mundiales, con fragancias memorables, maquillaje y bijouterie de impacto y lo más avanzado del tratamiento facial y corporal. 

Tenemos más de 45 años cambiando la vida de miles de personas y sus familias. Lo nuestro es la venta directa multinivel de productos de belleza: más de medio millón de Consultoras y Directoras Independientes ganan dinero, respeto y realización con nosotros. Hoy contamos con más de 5 mil colaboradores a nivel corporativo. Para nosotros, llevar belleza es mucho más que hacer que la gente se vea bien, creemos que transforma a las personas. Para nosotros, eso es Yanbal.","7318","5000","1001","419629",,,,"1967",,"48071","Manufacturing > Chemical Manufacturing > Personal Care Product Manufacturing","18","Cosmetics","Personal Care Product Manufacturing","urn:li:fsd_industry:18","https://www.linkedin.com/jobs/search?geoId=92000000&f_C=48071","https://www.linkedin.com/company/yanbal/","Bolivia, Colombia, Ecuador, España, Guatemala, Italia, México y Perú","OO","Bolivia, Colombia, Ecuador, España, Guatemala, Italia, México y Perú.",,"true",,,"Guatemala City","Guatemala","GT","Guatemala",,"Guatemala Department","Guatemala City, Guatemala",,"https://media.licdn.com/dms/image/v2/D4E0BAQFmiCVT7F-duw/company-logo_400_400/company-logo_400_400/0/1688574925531/yanbal_logo?e=1779926400&v=beta&t=D9hKbTjMV8Oc9aeJSsCOW1Ln78KsH_YTOXu1vZ2Q7Jc","400","https://media.licdn.com/dms/image/v2/D4E0BAQFmiCVT7F-duw/company-logo_400_400/company-logo_400_400/0/1688574925531/yanbal_logo?e=1779926400&v=beta&t=D9hKbTjMV8Oc9aeJSsCOW1Ln78KsH_YTOXu1vZ2Q7Jc","400","200","https://media.licdn.com/dms/image/v2/D4E0BAQFmiCVT7F-duw/company-logo_200_200/company-logo_200_200/0/1688574925531/yanbal_logo?e=1779926400&v=beta&t=2D8rfKAJNzKW9eTFtq3Vyoyl1jW_tmTnbws_cjZM45s","200","100","https://media.licdn.com/dms/image/v2/D4E0BAQFmiCVT7F-duw/company-logo_100_100/company-logo_100_100/0/1688574925531/yanbal_logo?e=1779926400&v=beta&t=jPOD_sbhUKr6OMpCoW59yLTTGp1Delt5KTqxehbiJck","100","Yanbal","COMPANY","true",,,,"Perfumería","Joyería","Maquillaje","Cuidado Personal","Protección solar","Tratamiento Facial",,,,,,,,,,,,,,,,,,,,,,,,,,"Belleza que inspira, poder que transforma","yanbal","http://www.yanbal.com","48071","https://www.linkedin.com/company/yanbal/","400","https://media.licdn.com/dms/image/v2/D4E0BAQFmiCVT7F-duw/company-logo_400_400/company-logo_400_400/0/1688574925531/yanbal_logo?e=1779926400&v=beta&t=D9hKbTjMV8Oc9aeJSsCOW1Ln78KsH_YTOXu1vZ2Q7Jc","400","200","https://media.licdn.com/dms/image/v2/D4E0BAQFmiCVT7F-duw/company-logo_200_200/company-logo_200_200/0/1688574925531/yanbal_logo?e=1779926400&v=beta&t=2D8rfKAJNzKW9eTFtq3Vyoyl1jW_tmTnbws_cjZM45s","200","100","https://media.licdn.com/dms/image/v2/D4E0BAQFmiCVT7F-duw/company-logo_100_100/company-logo_100_100/0/1688574925531/yanbal_logo?e=1779926400&v=beta&t=jPOD_sbhUKr6OMpCoW59yLTTGp1Delt5KTqxehbiJck","100","https://media.licdn.com/dms/image/v2/D4E0BAQFmiCVT7F-duw/company-logo_400_400/company-logo_400_400/0/1688574925531/yanbal_logo?e=1779926400&v=beta&t=D9hKbTjMV8Oc9aeJSsCOW1Ln78KsH_YTOXu1vZ2Q7Jc","Yanbal","yanbal","Definir la estrategia de Wellbeing Corporativo con el objetivo de contribuir el Bienestar Integral de los colaboradores en los ejes físico, mental, social y financiero aplicado a todos los países de la corporación","4 yrs","Full-time","Present","d35e8a02629872cf90dd23c24f32a92cb0da2dac","Lima, Peru","Coordinadora Corporativa de Experiencia del Colaborador - Wellbeing Corporativo RRHH",,,,,,,,,,,,,,"Jun","Jun 2022","2022","On-site","1678","2034",,
"Vera","Pérez Linares","https://www.linkedin.com/in/vera-perez-linares","CEO Sintonía Consultora/ Vice Presidente del Consejo Directivo ICF Perú- Coach PCC /Team Coach/ Mentora/ Consultora/ Facilitadora/ Docente Post Grado/Licenciataria Benziger/Design Thinking/ Mètodo Pro.play/Miembro APCO",,,,,,,,,,"PE","Peru",,"Peru","PE","Peru",,,"Peru","true",,"true","https://media.licdn.com/dms/image/v2/D4E1BAQFFI_3h9kT-yg/company-background_10000/B4EZk0oF0gKQAU-/0/1757524550073/corpfonafe_cover?e=1779159600&v=beta&t=GAYfWYNcxKygy4zqqQuXioHp-xitwvLhPa5U-eooBzA","765","https://media.licdn.com/dms/image/v2/D4E1BAQFFI_3h9kT-yg/company-background_10000/B4EZk0oF0gKQAU-/0/1757524550073/corpfonafe_cover?e=1779159600&v=beta&t=GAYfWYNcxKygy4zqqQuXioHp-xitwvLhPa5U-eooBzA","4409","69","https://media.licdn.com/dms/image/v2/D4E1BAQFFI_3h9kT-yg/company-background_400/B4EZk0oF0gKQAY-/0/1757524550073/corpfonafe_cover?e=1779159600&v=beta&t=ImSSEBpL0Gwz19ZZy1J8hJDavyySslt2tV-bkVSzgrA","400","34","https://media.licdn.com/dms/image/v2/D4E1BAQFFI_3h9kT-yg/company-background_200/B4EZk0oF0gKQAc-/0/1757524550073/corpfonafe_cover?e=1779159600&v=beta&t=JEScnZUPlJa21SoD2JtLSZYppA-IqPVS-IdXXNUZSCk","200","http://www.fonafe.gob.pe","Somos el Fondo Nacional de Financiamiento de la Actividad Empresarial del Estado, el holding de empresas públicas más grande del país comprometido en lograr empresas estatales eficientes, responsables y sostenibles. Contribuimos con el desarrollo social, económico y ambiental del Perú a través de la optimización de la gestión de 35 empresas públicas, de diferentes sectores productivos a nivel nacional, que proveen bienes y servicios públicos a más de 33 millones de personas, dejando huella de progreso y bienestar en sus vidas.
","176","200","51","20050",,,,"1999",,"5559341","Government Administration","75","Government Administration","Government Administration","urn:li:fsd_industry:75","https://www.linkedin.com/jobs/search?geoId=92000000&f_C=5559341","https://www.linkedin.com/company/corpfonafe/","San Isidro","PE",,"Lima","true","3121 Avenida Paseo de la República",,"San Isidro","Peru","PE","Peru",,"Lima","San Isidro, Peru","Lima 27","https://media.licdn.com/dms/image/v2/C4D0BAQFJ86x9BIpQHg/company-logo_400_400/company-logo_400_400/0/1630485631489/corpfonafe_logo?e=1779926400&v=beta&t=ySm5MxjmaxMp-7Bp3Bi81i27TP82MwYPo18Hlx0oqvg","400","https://media.licdn.com/dms/image/v2/C4D0BAQFJ86x9BIpQHg/company-logo_400_400/company-logo_400_400/0/1630485631489/corpfonafe_logo?e=1779926400&v=beta&t=ySm5MxjmaxMp-7Bp3Bi81i27TP82MwYPo18Hlx0oqvg","400","200","https://media.licdn.com/dms/image/v2/C4D0BAQFJ86x9BIpQHg/company-logo_200_200/company-logo_200_200/0/1630485631489/corpfonafe_logo?e=1779926400&v=beta&t=AXa3vJFUhtN4tFzaC_8I7uoLvlPgNUt6gYzX6wvEQFI","200","100","https://media.licdn.com/dms/image/v2/C4D0BAQFJ86x9BIpQHg/company-logo_100_100/company-logo_100_100/0/1630485631489/corpfonafe_logo?e=1779926400&v=beta&t=eT_SN-75xuC-ANSU3SJflUGb79CoyXo47LgAGtIJeIY","100","Corporación FONAFE","COMPANY","true",,,"511 4404222","Gestión Pública","Planeamiento Estratégico","Desarrollo Corporativo",,,,,,,,,,,,,,,,,,,,,,,,,,,,,"Optimizar la gestión de las empresas bajo su ámbito para dejar huella de progreso y bienestar en todos los peruanos","corpfonafe","http://www.fonafe.gob.pe","5559341","https://www.linkedin.com/company/corpfonafe/","400","https://media.licdn.com/dms/image/v2/C4D0BAQFJ86x9BIpQHg/company-logo_400_400/company-logo_400_400/0/1630485631489/corpfonafe_logo?e=1779926400&v=beta&t=ySm5MxjmaxMp-7Bp3Bi81i27TP82MwYPo18Hlx0oqvg","400","200","https://media.licdn.com/dms/image/v2/C4D0BAQFJ86x9BIpQHg/company-logo_200_200/company-logo_200_200/0/1630485631489/corpfonafe_logo?e=1779926400&v=beta&t=AXa3vJFUhtN4tFzaC_8I7uoLvlPgNUt6gYzX6wvEQFI","200","100","https://media.licdn.com/dms/image/v2/C4D0BAQFJ86x9BIpQHg/company-logo_100_100/company-logo_100_100/0/1630485631489/corpfonafe_logo?e=1779926400&v=beta&t=eT_SN-75xuC-ANSU3SJflUGb79CoyXo47LgAGtIJeIY","100","https://media.licdn.com/dms/image/v2/C4D0BAQFJ86x9BIpQHg/company-logo_400_400/company-logo_400_400/0/1630485631489/corpfonafe_logo?e=1779926400&v=beta&t=ySm5MxjmaxMp-7Bp3Bi81i27TP82MwYPo18Hlx0oqvg","Corporación FONAFE","corpfonafe","- Diseño e implementación de focus groups, para profundizar en la parte cualitativa de la encuesta de clima organizacional.","2 mos",,"Present","bea36d76953fa111d55c1225c288a248f966c936",,"Consultora de Gestión Humana",,"Escucha activa","Comunicación","Recursos humanos (RR. HH.)","Clima Organizacional",,,,,,,,,"Apr","Apr 2026","2026",,"29567","30556","Negociación • Liderazgo de equipos • Gestión • Coaching organizacional • Gestión de proyectos","Especialista en el diseño e implementación de estrategias de Gestión Humana con más de 15 años de trayectoria, con comprobado impacto  en el planeamiento estratégico organizacional. Lidero la implementación de metodologías innovadoras aplicadas a todo el ciclo del talento: selección, capacitación y desarrollo, administración de personal, plan de compensación total, relaciones laborales y gestión sindical. 
Con experiencia probada en alinear las prácticas de Gestión Humana con los objetivos estratégicos de la institución, promoviendo transparencia, eficiencia y desarrollo sostenible del capital humano.

Certificada y credencializada como Professional Certified Coach- PCC, avalada por la International Coaching Federation ICF. Vicepresidente de la International Coaching Federation Capítulo Perú. Docente postgrado.

Me considero una líder innovadora, resiliente, gestionando y logrando resultados en armonía con el equipo. 
"
"Mariella","Matta Green","https://www.linkedin.com/in/mariellamattagreen","Headhunter | Coach Ontológico | Potencio Perfiles y Desarrollo Talento con Enfoque Estratégico",,,,,,,,,,"PE","Peru",,"Peru","PE","Peru",,,"Peru","true",,"false","https://media.licdn.com/dms/image/v2/D4E1BAQFjR-_AOsnsoQ/company-background_10000/company-background_10000/0/1699447888183/logra_headhunters_cover?e=1779159600&v=beta&t=CiwMF5Jn_djioSZAZRZl8cyW_SsemKhss8F3S3XukNw","769","https://media.licdn.com/dms/image/v2/D4E1BAQFjR-_AOsnsoQ/company-background_10000/company-background_10000/0/1699447888183/logra_headhunters_cover?e=1779159600&v=beta&t=CiwMF5Jn_djioSZAZRZl8cyW_SsemKhss8F3S3XukNw","1537","200","https://media.licdn.com/dms/image/v2/D4E1BAQFjR-_AOsnsoQ/company-background_400/company-background_400/0/1699447888183/logra_headhunters_cover?e=1779159600&v=beta&t=B4Nw6KRN4Bbba4ySJ0y63CYZzJ07wQhAp_rLGKRx48w","400","100","https://media.licdn.com/dms/image/v2/D4E1BAQFjR-_AOsnsoQ/company-background_200/company-background_200/0/1699447888183/logra_headhunters_cover?e=1779159600&v=beta&t=1mdgmfXI3fxRqSyiZfs07axJMlNasLbGUeDXya4jxmY","200","http://www.logra.com.pe","Logra es una Empresa que brinda Servicios de Consultoría en Recursos Humanos.
Somos Profesionales Especializados en la Búsqueda y Selección de Ejecutivos / Headhunting, con más de 20 años de Experiencia, realizando Procesos para Mandos Medios, Posiciones Gerenciales, Directivas y Estratégicas.
Nuestra Experiencia como Headhunter, está basada en el amplio conocimiento del Mercado Peruano y Regional.
Acumulamos Casos de Éxito en los Principales Sectores de la Economía.
Nuestros Clientes van desde Grandes Empresas Peruanas Internacionalizadas o en Proceso de Internacionalización, Multinacionales de Tamaño Medio y Grandes Multinacionales.","15","50","11","31919",,,,,,"10481544","Administrative and Support Services > Staffing and Recruiting","104","Staffing & Recruiting","Staffing and Recruiting","urn:li:fsd_industry:104","https://www.linkedin.com/jobs/search?geoId=92000000&f_C=10481544","https://www.linkedin.com/company/logra-headhunters/","Miraflores","PE","Centro Empresarial José Pardo","Lima","true","Mártir Olaya 169","Oficina 1002 - Torre C","Miraflores","Peru","PE","Peru",,,"Miraflores, Peru","18","https://media.licdn.com/dms/image/v2/C4D0BAQGHFEbln2Saag/company-logo_400_400/company-logo_400_400/0/1631313156900?e=1779926400&v=beta&t=oq4Pj4bIkBZCOJmORXjJxASbyp7hYqwe78l49HLuUkY","400","https://media.licdn.com/dms/image/v2/C4D0BAQGHFEbln2Saag/company-logo_400_400/company-logo_400_400/0/1631313156900?e=1779926400&v=beta&t=oq4Pj4bIkBZCOJmORXjJxASbyp7hYqwe78l49HLuUkY","400","200","https://media.licdn.com/dms/image/v2/C4D0BAQGHFEbln2Saag/company-logo_200_200/company-logo_200_200/0/1631313156900?e=1779926400&v=beta&t=86vCMgxIaZPpe-BEf88-Cl5y4ws8P6B9Dcd2ymXYuBM","200","100","https://media.licdn.com/dms/image/v2/C4D0BAQGHFEbln2Saag/company-logo_100_100/company-logo_100_100/0/1631313156900?e=1779926400&v=beta&t=BpW_k5fuOnY9ElvXAmO7r2CFn2CCyJLCr0RO1fJpoDI","100","Logra | Headhunters","COMPANY","false",,,"(051)2423280","Headhunting","Executive Search First Line","Executive Search","Mapeos","Evaluaciones Integrales Presenciales /  Online",,,,,,,,,,,,,,,,,,,,,,,,,,,"Executive Search","logra-headhunters","http://www.logra.com.pe","10481544","https://www.linkedin.com/company/logra-headhunters/","400","https://media.licdn.com/dms/image/v2/C4D0BAQGHFEbln2Saag/company-logo_400_400/company-logo_400_400/0/1631313156900?e=1779926400&v=beta&t=oq4Pj4bIkBZCOJmORXjJxASbyp7hYqwe78l49HLuUkY","400","200","https://media.licdn.com/dms/image/v2/C4D0BAQGHFEbln2Saag/company-logo_200_200/company-logo_200_200/0/1631313156900?e=1779926400&v=beta&t=86vCMgxIaZPpe-BEf88-Cl5y4ws8P6B9Dcd2ymXYuBM","200","100","https://media.licdn.com/dms/image/v2/C4D0BAQGHFEbln2Saag/company-logo_100_100/company-logo_100_100/0/1631313156900?e=1779926400&v=beta&t=BpW_k5fuOnY9ElvXAmO7r2CFn2CCyJLCr0RO1fJpoDI","100","https://media.licdn.com/dms/image/v2/C4D0BAQGHFEbln2Saag/company-logo_400_400/company-logo_400_400/0/1631313156900?e=1779926400&v=beta&t=oq4Pj4bIkBZCOJmORXjJxASbyp7hYqwe78l49HLuUkY","Logra | Headhunters","logra-headhunters","Lidero procesos de reclutamiento y selección para posiciones administrativas y operativas de nivel jefatura, mandos medios y gerencia, evaluando experiencia, competencias y ajuste al negocio.

Analizo perfiles senior desde una mirada integral: trayectoria, competencias conductuales, claridad de rol y empleabilidad real en el mercado.

Implemento y optimizo procedimientos y herramientas de selección, entrevistas por competencias y formatos de evaluación, reduciendo tiempos y mejorando la calidad de contratación.

Acompaño a líderes y ejecutivos en procesos de transición, redefinición de perfil y preparación para entrevistas, desde una mirada técnica y humana.","1 yr 5 mos","Full-time","Present",,"Miraflores, Lima, Peru","Consultora Senior en Selección y Evaluación de Talento | Jefaturas y Gerencias",,,,,,,,,,,,,,"Jan","Jan 2025","2025","Hybrid","656","1092",,"Soy Asesora Senior en Recolocación Laboral y Coach Ontológico, Administradora de Empresas de profesión, con más de 15 años de experiencia en gestión, selección y evaluación de talento desde roles de jefatura, gerencia y consultoría.

Acompaño a jefaturas y gerencias que atraviesan procesos de desempleo, transición o reinserción laboral, ayudándolas a clarificar su perfil profesional, definir un puesto objetivo y prepararse estratégicamente para volver al mercado.

Mi acompañamiento integra:

- Definición y redefinición de perfil profesional
- Optimización estratégica de CV y LinkedIn
- Preparación para entrevistas por competencias
- Evaluación conductual y de competencias
- Acompañamiento humano en la gestión emocional del cambio


Combino una mirada técnica, estratégica y humana, porque la recolocación laboral no es solo buscar empleo, sino volver a posicionarte con claridad y seguridad.

Si estás en un momento de cambio y no sabes por dónde empezar, conversemos.
"
